--
-- PostgreSQL database dump
--

\restrict bIIG8P7S2jEyuy2LaoX8bv3RrbgXTl58HWer8TSVXYqltCsTg9RcsvzIjKfhCMn

-- Dumped from database version 17.7 (bdd1736)
-- Dumped by pg_dump version 18.0

-- Started on 2026-01-29 16:41:13

SET statement_timeout = 0;
SET lock_timeout = 0;
SET idle_in_transaction_session_timeout = 0;
SET transaction_timeout = 0;
SET client_encoding = 'UTF8';
SET standard_conforming_strings = on;
SELECT pg_catalog.set_config('search_path', '', false);
SET check_function_bodies = false;
SET xmloption = content;
SET client_min_messages = warning;
SET row_security = off;

--
-- TOC entry 3599 (class 0 OID 65536)
-- Dependencies: 243
-- Data for Name: users; Type: TABLE DATA; Schema: public; Owner: -
--

COPY public.users (id, name, email, email_verified, password_hash, image, created_at, updated_at) FROM stdin;
11111111-1111-1111-1111-111111111111	Carlos Silva	carlos@test.com	\N	$2a$10$sVugJaUKZMrodev0GwmyYOdKGnTm7T4ciO4/935r0.p1QhY9pXuB2	\N	2025-07-30 13:22:54.109506	2025-10-28 13:22:54.109506
22222222-2222-2222-2222-222222222222	João Santos	joao@test.com	\N	$2a$10$sVugJaUKZMrodev0GwmyYOdKGnTm7T4ciO4/935r0.p1QhY9pXuB2	\N	2025-08-04 13:22:54.109506	2025-10-28 13:22:54.109506
33333333-3333-3333-3333-333333333333	Pedro Costa	pedro@test.com	\N	$2a$10$sVugJaUKZMrodev0GwmyYOdKGnTm7T4ciO4/935r0.p1QhY9pXuB2	\N	2025-08-09 13:22:54.109506	2025-10-28 13:22:54.109506
44444444-4444-4444-4444-444444444444	Lucas Oliveira	lucas@test.com	\N	$2a$10$sVugJaUKZMrodev0GwmyYOdKGnTm7T4ciO4/935r0.p1QhY9pXuB2	\N	2025-08-14 13:22:54.109506	2025-10-28 13:22:54.109506
55555555-5555-5555-5555-555555555555	Fernando Lima	fernando@test.com	\N	$2a$10$sVugJaUKZMrodev0GwmyYOdKGnTm7T4ciO4/935r0.p1QhY9pXuB2	\N	2025-08-19 13:22:54.109506	2025-10-28 13:22:54.109506
66666666-6666-6666-6666-666666666666	Rafael Souza	rafael@test.com	\N	$2a$10$sVugJaUKZMrodev0GwmyYOdKGnTm7T4ciO4/935r0.p1QhY9pXuB2	\N	2025-08-24 13:22:54.109506	2025-10-28 13:22:54.109506
77777777-7777-7777-7777-777777777777	Marcelo Alves	marcelo@test.com	\N	$2a$10$sVugJaUKZMrodev0GwmyYOdKGnTm7T4ciO4/935r0.p1QhY9pXuB2	\N	2025-08-29 13:22:54.109506	2025-10-28 13:22:54.109506
88888888-8888-8888-8888-888888888888	Bruno Ferreira	bruno@test.com	\N	$2a$10$sVugJaUKZMrodev0GwmyYOdKGnTm7T4ciO4/935r0.p1QhY9pXuB2	\N	2025-09-03 13:22:54.109506	2025-10-28 13:22:54.109506
99999999-9999-9999-9999-999999999999	Diego Pereira	diego@test.com	\N	$2a$10$sVugJaUKZMrodev0GwmyYOdKGnTm7T4ciO4/935r0.p1QhY9pXuB2	\N	2025-09-08 13:22:54.109506	2025-10-28 13:22:54.109506
aaaaaaaa-aaaa-aaaa-aaaa-aaaaaaaaaaaa	Thiago Rodrigues	thiago@test.com	\N	$2a$10$sVugJaUKZMrodev0GwmyYOdKGnTm7T4ciO4/935r0.p1QhY9pXuB2	\N	2025-09-13 13:22:54.109506	2025-10-28 13:22:54.109506
bbbbbbbb-bbbb-bbbb-bbbb-bbbbbbbbbbbb	Gustavo Martins	gustavo@test.com	\N	$2a$10$sVugJaUKZMrodev0GwmyYOdKGnTm7T4ciO4/935r0.p1QhY9pXuB2	\N	2025-09-18 13:22:54.109506	2025-10-28 13:22:54.109506
cccccccc-cccc-cccc-cccc-cccccccccccc	André Barbosa	andre@test.com	\N	$2a$10$sVugJaUKZMrodev0GwmyYOdKGnTm7T4ciO4/935r0.p1QhY9pXuB2	\N	2025-09-23 13:22:54.109506	2025-10-28 13:22:54.109506
dddddddd-dddd-dddd-dddd-dddddddddddd	Felipe Araújo	felipe@test.com	\N	$2a$10$sVugJaUKZMrodev0GwmyYOdKGnTm7T4ciO4/935r0.p1QhY9pXuB2	\N	2025-09-28 13:22:54.109506	2025-10-28 13:22:54.109506
eeeeeeee-eeee-eeee-eeee-eeeeeeeeeeee	Rodrigo Cunha	rodrigo@test.com	\N	$2a$10$sVugJaUKZMrodev0GwmyYOdKGnTm7T4ciO4/935r0.p1QhY9pXuB2	\N	2025-10-03 13:22:54.109506	2025-10-28 13:22:54.109506
ffffffff-ffff-ffff-ffff-ffffffffffff	Gabriel Rocha	gabriel@test.com	\N	$2a$10$sVugJaUKZMrodev0GwmyYOdKGnTm7T4ciO4/935r0.p1QhY9pXuB2	\N	2025-10-08 13:22:54.109506	2025-10-28 13:22:54.109506
d913c0fa-fec7-49a1-ba7b-21602fdf43ee	luis fernando boff	luisfboff@hotmail.com	\N	$2a$10$..9RQhiWpMjXNjMBb41TVOu/IYfNCOkNcUVRsaRjDKBBzhwHpyUr2	\N	2025-10-28 13:48:37.257169	2025-10-28 13:48:37.257169
a3724f37-55bf-4cb4-885f-e57c16ed3055	LUIS FERNANDO BOFF	000264770@ufrgs.br	\N	$2a$10$.Twh2WVtr/eu8Z7.G.59Hev/erVs4c7wAsnUrWjJ8AfIJfyW4oNnC	\N	2025-10-29 18:16:11.75586	2025-10-29 18:16:11.75586
4fe52ffd-10eb-4fd8-b3ca-382b242a64ea	VITOR REIS PIROLLI	vitorreispirolli@gmail.com	\N	$2a$10$CKKT0OYOX5KItSSv3oYHzuD3rn50O1cXfaRR5LNpRnz91PYeEY61i	\N	2025-10-29 18:31:50.663894	2025-10-29 18:31:50.663894
1619220b-0ee4-46e3-850b-5bc405435188	Eduardo Boff	baiano@gmail.com	\N	$2a$10$VOD0Djmi1VSwbn6/Nw0AbOWkYTodA1SrMfnwHZZrAfWKPJwDwEXVi	\N	2025-11-02 14:38:00.302508	2025-11-02 14:38:00.302508
3f7043e5-3379-4f94-8ece-bebc99db71c2	Eduardo Zacanni	zacanni@gmail.com	\N	$2a$10$Pc0N95FnEO96D0siLR59m.eqiVQKdfnxMu7T.7jhhrShfjsK6mAJq	\N	2025-11-02 14:40:14.20867	2025-11-02 14:40:14.20867
37894bdc-ef87-4199-abc9-57fd3b14c574	Pedro Vitor Pagliarin	pedro.pagliarin@uzzai.com.br	\N	$2a$10$DR5B0ZiRELcbNadYpQDaAe8t3dJFn47DO73HU4KeW8YQxy29XUnVW	\N	2025-12-17 14:03:08.733012	2025-12-17 14:03:08.733012
645ac7d8-5371-4287-b1c6-cbad405db643	Pedro Henrique corso	pedro_corso@hotmail.com	\N	$2a$10$roGgPs/ntwIdszNQscceyuoL635BJtuv9ekOb45OOstRzxtRcnfBi	\N	2025-12-17 14:08:37.287255	2025-12-17 14:08:37.287255
79efc563-10ae-4693-80b4-ee485c76afb0	Vitor Reis pirolli	v3pirolli@icloud.com	\N	$2a$10$0lvLrif.X2K3qMJ1iuxgGOc/WfwMCz3/yXBxiJFu7qksm4aKs5Edu	\N	2026-01-21 23:37:38.0502	2026-01-21 23:37:38.0502
05c0aeff-3b21-4fe8-a652-72cfbacafbe7	Giba	giba_tieppo@hotmail.com	\N	$2a$10$QLiKf9Jqm9TWc4qSt4Nv0eWT.yllgElI5m0x3Rwj8qxk1x6vSPrzO	\N	2026-01-21 23:43:31.299205	2026-01-21 23:43:31.299205
2c3fc18b-9c51-448c-b168-16c4e2024c04	Uzz.Ai GOD	contato@uzzai.com.br	\N	$2a$10$sEtl3IJDL50/GMQoHFV7OeKRcRaLCVjuX09RQgKIRDRHvHYnxYdKG	\N	2026-01-22 16:17:52.062014	2026-01-22 16:17:52.062014
e133eacc-09e1-4d95-8c9e-e5d555ae11d2	Guilherme Girelli	girino_c3@hotmail.com	\N	$2a$10$O8E2vZwHbMBnY1./Rd3U9eQmtaupZFJDjXZwAy1YWHC/N0nEEmVAK	\N	2026-01-22 16:39:31.741231	2026-01-22 16:39:31.741231
3d3b3929-2627-4712-88db-cb5a8490d2e7	Cristian Grazziotin	cristiangrazziotin@hotmail.com	\N	$2a$10$PjiSvEEIggg9WeAgdyWmu.lQ3eko9v/ScVWPW/eiPf4JoBs4yG1Vy	\N	2026-01-22 16:46:06.961471	2026-01-22 16:46:06.961471
908b7128-79d7-4f8d-a4a8-4753ffb31ddd	Thiago Rech Flores	thiagorechflores@gmail.com	\N	$2a$10$QoWk2veGko7ujZaWIwEbcu8O3vY1ayzZbQnoXfZMtCekeFXAzdnsq	\N	2026-01-22 16:53:30.595673	2026-01-22 16:53:30.595673
f71f03cb-b7a0-4d75-820c-d7a46369697e	Gustavo Dondé 	gustavo.donde@outlook.com	\N	$2a$10$7xcNOl02Lso10iBJ7zK5POLIgWhJT2Q5XCvQHcQBMNqKbdvbySq4W	\N	2026-01-22 17:27:36.119775	2026-01-22 17:27:36.119775
868aab20-5bcb-49ad-9419-ac5fa5aebd30	Guilherme Ascari 	gbascari@ucs.br	\N	$2a$10$HI5Gse6f8wCQOS0NjLMR.OVh3M12rK83Mr5xfd4lQ9F8Ag0ghzyfq	\N	2026-01-22 17:35:07.350099	2026-01-22 17:35:07.350099
47bde709-ca3b-402c-b47b-f608a445eced	Cauê da Costa	cauedacosta@gmail.com	\N	$2a$10$n1nLsbj9wc5ug795AylufOkt9sCZHmbNZGBtB8kmWbyJZfWdK0nQa	\N	2026-01-22 18:10:25.982119	2026-01-22 18:10:25.982119
40ea3527-4c0c-4652-868f-f1a24e534a4b	Rael Haupt 	rael.3666@gmail.com	\N	$2a$10$wdDlaPxNwyTVte2BdUzvAub48DkKHr9Brbk8LxM9FfdrHGBfHbYCy	\N	2026-01-22 18:26:17.835821	2026-01-22 18:26:17.835821
8bec2716-c2bc-4e7a-bdf1-e727e210aa8a	Denzel tavares	tavaresdenzel7@gmail.com	\N	$2a$10$T3Su.7QwlXu7RxPlul3OHe77BZQoRCnrrlt/NpIhDcMiLEeOFBRi.	\N	2026-01-22 18:41:11.41126	2026-01-22 18:41:11.41126
9ac9f410-f53b-412a-9263-e26fc68a08ab	MAIKE ALEJANDRO OYAMBURO ALVEZ	maikealvez69@gmail.com	\N	$2a$10$te4QzlukchBoaZ41Vo0QjuE0BCoa4BQt44TkixD6/tUlQ34aYo8yi	\N	2026-01-22 22:49:57.532655	2026-01-22 22:49:57.532655
16fd5577-dfa1-4875-9dc3-9570fa41d6a1	Felipe Rimoldi Facchin	felipe_rimoldi@hotmail.com	\N	$2a$10$LVWTBg1bCZVEm6ss/Dy93eteUwlTwStKpe9NIsjUir.n/NrlzBHwy	\N	2026-01-26 13:02:46.625553	2026-01-26 13:02:46.625553
60a7aa8f-b320-4fc1-8dbb-2f22e770e985	Bruno Bertoldo 	bruno.bertoldo.souza@gmail.con	\N	$2a$10$2Kwlosd0w0iGupeqNN21auJvC7RcwdJRu5zA3wHOw67q8mrk1ZQSu	\N	2026-01-26 13:06:38.604287	2026-01-26 13:06:38.604287
05bd251d-85f8-40c0-834e-fe627e3a63ad	Cristian Togni Lopes	ctlopes92@gmail.com	\N	$2a$10$WFYqQ6blwo7DVdcALnA2QuTVdg1Quor9kNDLWDy43IZy1lnDKHru2	\N	2026-01-26 13:16:53.146551	2026-01-26 13:16:53.146551
7c6a1e59-ee48-4570-a005-cbb09ccc7bb5	Gabriel Erlo 	gabriel.erlo@hotmail.com	\N	$2a$10$GtShDLXXKtsaq6ahQzN0weRdL0wnXouGi3wmLg2oF/C6SQNuhrDBe	\N	2026-01-26 13:56:54.986955	2026-01-26 13:56:54.986955
34421d84-5293-4bc2-aef6-62fd61eeb0d2	Matheus Rotta 	matheusrotta94@gmail.com	\N	$2a$10$O2FQfILxCY0FjMEhnPS6oOQFDFiG2UUuwh4B/Q5JykD77S8xS8rk6	\N	2026-01-26 14:07:35.448294	2026-01-26 14:07:35.448294
6e9d11ce-69eb-4841-997a-9202de0e1a1f	Arthur Weber	afweber@ucs.br	\N	$2a$10$VphWVV0deYupBS2dRfu0teXE9tfcGzNG8t4gXhZSMkDBDxdsojLfK	\N	2026-01-26 14:37:17.94583	2026-01-26 14:37:17.94583
a2ead9b4-c4a6-4483-8fa5-3d374a4f3d41	Lucas Debona	lucasdebona05@gmail.com	\N	$2a$10$px2n3L7Nq7yxKfVi7dw3Ju06T0pwqQCYu96W9vQXHISObTzG20.2S	\N	2026-01-26 14:50:56.278745	2026-01-26 14:50:56.278745
f5cf48d3-54d9-4d94-8fb9-132952633900	Vinicius Hoffmann 	vshoff@gmail.com	\N	$2a$10$SQNUGUIANctqBygOUTdBF.LNwgscaPjDlEStIg7JA5wXlTctHJ5/O	\N	2026-01-26 15:03:25.971597	2026-01-26 15:03:25.971597
fb647db8-10fa-4d7c-a19e-440b084768b4	Eduardo Zaccani	eduardo.zaccani@hotmail.com	\N	$2a$10$Y2d5nit98q/k3RMY2pp2HuaJ9lwrX5ZGTt2zO.I9B1QQsoF.vG2Ci	\N	2026-01-27 00:53:59.826407	2026-01-27 00:53:59.826407
0ce3e02e-5ba1-4117-9169-664cb1b86649	Marcelo Ferreira Drum	marcelo99drum40@gmail.com	\N	$2a$10$nKdNMK9TYmRLjHNx..dO1.g7NjAkb9Tsp5kFq9Pb5mmHxSwNdn9PC	\N	2026-01-27 11:06:12.110125	2026-01-27 11:06:12.110125
d8c54b42-d79d-4d82-aa02-5e60240cab42	Kevin Nunes 	kevin_n.s@hotmail.com	\N	$2a$10$s4tc3xxPogyjqIk/A7Z8AOJ.8eiuyzi7AzSm8tFDZSxqNGWmD1/vu	\N	2026-01-27 11:15:00.785955	2026-01-27 11:15:00.785955
da78256e-8580-4ba8-a624-d2d06b8f969f	Henrique Lahm	henriquelahm@hotmail.com	\N	$2a$10$/nutHQ7gARBitnnJ8jyGcOgOdhVpk4EBu8IJa0gLKVZ0peuGYtKMG	\N	2026-01-27 11:54:22.15819	2026-01-27 11:54:22.15819
5ce0a256-dc51-4c20-8d54-ea8e0171376c	Artur Weber Meneguzzi	menewm@hotmail.com	\N	$2a$10$8BhGWmDqHjUIzXIBzMuUju3FocAZokPfRNCrLJGFJ1xTpgSjBfhSy	\N	2026-01-27 19:44:24.356555	2026-01-27 19:44:24.356555
cbe1706f-2284-4dc2-9f5f-37038b72c11a	Igor	igorerlo@hotmail.com	\N	$2a$10$7Kdxy3bs5nFRt0o1WLLfZOyBVfUYivvWMMI8NEoUR3jCgRFPHVXL.	\N	2026-01-29 12:27:17.475233	2026-01-29 12:27:17.475233
\.


--
-- TOC entry 3600 (class 0 OID 65548)
-- Dependencies: 244
-- Data for Name: groups; Type: TABLE DATA; Schema: public; Owner: -
--

COPY public.groups (id, name, description, privacy, photo_url, created_by, created_at, updated_at, deleted_at) FROM stdin;
aaaabbbb-cccc-dddd-eeee-222222222222	Futebol de Quinta	Racha de quinta-feira à noite. Jogadores experientes.	private	\N	22222222-2222-2222-2222-222222222222	2025-08-29 13:22:54.15121	2025-10-28 13:22:54.15121	\N
9f5a92a6-6cc4-4c9b-87c2-dc943f458359	POKER	\N	private	\N	33333333-3333-3333-3333-333333333333	2025-10-30 18:02:52.712046	2025-10-30 18:02:52.712046	\N
0106aace-cb71-4389-bd4c-49003a20b717	JOGOS 2026	teste pra 2026	private	\N	4fe52ffd-10eb-4fd8-b3ca-382b242a64ea	2025-12-08 18:07:24.47351	2025-12-08 18:07:24.47351	\N
aaaabbbb-cccc-dddd-eeee-111111111111	Pelada do Parque	Pelada de sábado no Parque da Cidade. Racha toda semana!	private	\N	11111111-1111-1111-1111-111111111111	2025-07-30 13:22:54.15121	2025-12-09 14:27:16.6266	\N
ae0cd047-a04d-4f7b-a910-5461e0a2bd32	Grupo pv	Grupo de treinos e jogos	public	\N	37894bdc-ef87-4199-abc9-57fd3b14c574	2025-12-17 14:03:38.417352	2025-12-17 14:03:38.417352	\N
0e492f02-8eff-4907-85ef-68d71e9d2038	Futebol quarta	Jsjaha	private	\N	645ac7d8-5371-4287-b1c6-cbad405db643	2025-12-17 14:09:37.72163	2025-12-17 14:09:37.72163	\N
673a26b1-7390-4fd3-824b-3e2ea8fddacc	PELADEIROS FC	Futebol entre amigos na quarta-feira, 21h	private	\N	79efc563-10ae-4693-80b4-ee485c76afb0	2026-01-21 23:38:22.181121	2026-01-21 23:38:22.181121	\N
\.


--
-- TOC entry 3602 (class 0 OID 65589)
-- Dependencies: 246
-- Data for Name: venues; Type: TABLE DATA; Schema: public; Owner: -
--

COPY public.venues (id, group_id, name, address, created_at) FROM stdin;
aaaabbbb-1111-1111-1111-111111111111	aaaabbbb-cccc-dddd-eeee-111111111111	Campo do Parque da Cidade	Av. Principal, 1000	2025-07-30 13:47:43.002749
bbbbbbbb-2222-2222-2222-222222222222	aaaabbbb-cccc-dddd-eeee-111111111111	Society Vila Nova	Rua das Flores, 500	2025-08-04 13:47:43.002749
\.


--
-- TOC entry 3603 (class 0 OID 65603)
-- Dependencies: 247
-- Data for Name: events; Type: TABLE DATA; Schema: public; Owner: -
--

COPY public.events (id, group_id, starts_at, venue_id, max_players, max_goalkeepers, status, waitlist_enabled, created_by, created_at, updated_at) FROM stdin;
e1111111-1111-1111-1111-111111111111	aaaabbbb-cccc-dddd-eeee-111111111111	2025-10-14 13:47:43.052579	aaaabbbb-1111-1111-1111-111111111111	10	2	finished	t	11111111-1111-1111-1111-111111111111	2025-10-07 13:47:43.052579	2025-10-28 13:47:43.052579
e2222222-2222-2222-2222-222222222222	aaaabbbb-cccc-dddd-eeee-111111111111	2025-10-21 13:47:43.052579	aaaabbbb-1111-1111-1111-111111111111	10	2	finished	t	11111111-1111-1111-1111-111111111111	2025-10-14 13:47:43.052579	2025-10-28 13:47:43.052579
868edc55-7cf8-4c20-ad53-1b85789f88f7	9f5a92a6-6cc4-4c9b-87c2-dc943f458359	2025-11-01 00:00:00	aaaabbbb-1111-1111-1111-111111111111	10	2	scheduled	t	33333333-3333-3333-3333-333333333333	2025-10-30 18:03:05.279112	2025-10-30 18:03:05.279112
4ec5d37f-19bf-412c-96b2-4a09430d6736	9f5a92a6-6cc4-4c9b-87c2-dc943f458359	2025-11-01 00:00:00	aaaabbbb-1111-1111-1111-111111111111	10	2	scheduled	t	33333333-3333-3333-3333-333333333333	2025-10-30 18:37:28.153819	2025-10-30 18:37:28.153819
1e525f5a-d834-4273-98d5-a98884260c62	aaaabbbb-cccc-dddd-eeee-111111111111	2025-11-10 00:00:00	aaaabbbb-1111-1111-1111-111111111111	20	2	finished	t	33333333-3333-3333-3333-333333333333	2025-11-01 20:31:04.610249	2025-11-02 15:06:52.349614
eeeeee11-1111-1111-1111-111111111111	aaaabbbb-cccc-dddd-eeee-111111111111	2025-11-03 13:47:43.100867	aaaabbbb-1111-1111-1111-111111111111	10	2	finished	t	11111111-1111-1111-1111-111111111111	2025-10-26 13:47:43.100867	2025-11-02 15:24:16.489781
4cab49e5-b655-461e-860b-f75cc86b8999	aaaabbbb-cccc-dddd-eeee-111111111111	2025-11-30 00:00:00	\N	10	2	finished	t	33333333-3333-3333-3333-333333333333	2025-11-28 20:22:26.735211	2025-11-28 20:24:29.898952
eecef0c5-c6ea-46c9-b6e8-2812fe9e8dbe	aaaabbbb-cccc-dddd-eeee-222222222222	2025-12-06 00:00:00	\N	10	2	canceled	t	33333333-3333-3333-3333-333333333333	2025-11-28 20:28:06.185094	2025-11-29 21:39:36.203999
181cc7b4-7ee1-4706-add6-e5b8883a26ef	aaaabbbb-cccc-dddd-eeee-111111111111	2025-12-04 00:00:00	\N	10	2	canceled	t	33333333-3333-3333-3333-333333333333	2025-11-29 21:22:08.638346	2025-11-29 21:39:43.650256
eeeeee22-2222-2222-2222-222222222222	aaaabbbb-cccc-dddd-eeee-111111111111	2025-11-10 13:47:43.100867	bbbbbbbb-2222-2222-2222-222222222222	10	2	canceled	t	11111111-1111-1111-1111-111111111111	2025-10-27 13:47:43.100867	2025-11-29 21:39:45.787668
0eb13abf-ad96-43d8-b08c-49a11d14ebe6	aaaabbbb-cccc-dddd-eeee-111111111111	2025-12-03 00:00:00	\N	18	2	finished	t	33333333-3333-3333-3333-333333333333	2025-12-02 00:36:50.896802	2025-12-02 00:40:03.124898
cfa8bd48-764c-4c0c-afd6-64a4b2675bd0	0106aace-cb71-4389-bd4c-49003a20b717	2025-12-11 00:00:00	\N	18	2	finished	t	4fe52ffd-10eb-4fd8-b3ca-382b242a64ea	2025-12-08 18:14:00.636519	2025-12-08 18:16:39.098284
732cb4e5-7936-4ccf-95a8-083ac8d3dba3	aaaabbbb-cccc-dddd-eeee-111111111111	2025-12-13 00:00:00	\N	18	0	finished	t	33333333-3333-3333-3333-333333333333	2025-12-09 14:28:34.918987	2025-12-09 14:46:40.986957
41814f14-16a4-4c91-ab42-9ade50b4fa16	ae0cd047-a04d-4f7b-a910-5461e0a2bd32	2025-12-19 00:00:00	\N	16	2	scheduled	t	37894bdc-ef87-4199-abc9-57fd3b14c574	2025-12-17 14:04:06.018663	2025-12-17 14:04:06.018663
b1339bab-0a27-4310-8e1c-c9105d9e4fe4	aaaabbbb-cccc-dddd-eeee-111111111111	2026-01-13 14:30:00	\N	18	2	scheduled	t	33333333-3333-3333-3333-333333333333	2026-01-13 14:27:59.893319	2026-01-13 14:27:59.893319
6a5f63c1-a379-412b-b706-5124394c1469	673a26b1-7390-4fd3-824b-3e2ea8fddacc	2026-01-23 00:00:00	\N	18	2	canceled	t	79efc563-10ae-4693-80b4-ee485c76afb0	2026-01-21 23:44:53.319096	2026-01-22 16:41:12.044756
70628031-fd89-4a8d-a7f1-cf28791d83c8	aaaabbbb-cccc-dddd-eeee-111111111111	2025-12-13 00:00:00	\N	18	2	canceled	t	33333333-3333-3333-3333-333333333333	2025-12-12 02:14:49.557924	2026-01-26 18:34:40.266338
0a14dead-1a13-477e-9e0a-eae5c0896284	673a26b1-7390-4fd3-824b-3e2ea8fddacc	2026-01-29 00:00:00	\N	18	2	canceled	t	79efc563-10ae-4693-80b4-ee485c76afb0	2026-01-27 14:39:39.314455	2026-01-29 12:13:58.389433
cda8d404-ee00-4736-ab8f-e251c4c1ca17	673a26b1-7390-4fd3-824b-3e2ea8fddacc	2026-01-29 12:16:00	\N	18	2	finished	t	79efc563-10ae-4693-80b4-ee485c76afb0	2026-01-29 12:14:32.272772	2026-01-29 13:01:41.491292
\.


--
-- TOC entry 3611 (class 0 OID 65777)
-- Dependencies: 255
-- Data for Name: charges; Type: TABLE DATA; Schema: public; Owner: -
--

COPY public.charges (id, group_id, user_id, type, amount_cents, due_date, status, created_at, updated_at, event_id, deleted_at) FROM stdin;
7fafa59e-9df3-432f-adfd-9431c99c81cc	aaaabbbb-cccc-dddd-eeee-111111111111	11111111-1111-1111-1111-111111111111	daily	2000	2025-11-26	pending	2025-11-17 23:08:24.791318	2025-11-17 23:08:24.791318	\N	\N
bd51ef32-cde6-4e65-a003-2e93aab164b7	aaaabbbb-cccc-dddd-eeee-111111111111	55555555-5555-5555-5555-555555555555	daily	2000	2025-11-26	pending	2025-11-17 23:08:24.827482	2025-11-17 23:08:24.827482	\N	\N
e4753444-e49d-4805-ab21-16b8616dfde7	aaaabbbb-cccc-dddd-eeee-111111111111	22222222-2222-2222-2222-222222222222	daily	2000	2025-11-26	pending	2025-11-17 23:08:25.407909	2025-11-17 23:08:25.407909	\N	\N
758b71c7-dc8d-46f5-b95d-197f65f73401	aaaabbbb-cccc-dddd-eeee-111111111111	99999999-9999-9999-9999-999999999999	daily	2000	2025-11-26	pending	2025-11-17 23:08:25.411182	2025-11-17 23:08:25.411182	\N	\N
875b415f-a2af-41dc-a9db-f00fadee1979	aaaabbbb-cccc-dddd-eeee-111111111111	aaaaaaaa-aaaa-aaaa-aaaa-aaaaaaaaaaaa	daily	2000	2025-11-26	pending	2025-11-17 23:08:25.41796	2025-11-17 23:08:25.41796	\N	\N
b2a90923-0889-47d9-8ded-199c58e93084	aaaabbbb-cccc-dddd-eeee-111111111111	66666666-6666-6666-6666-666666666666	daily	2000	2025-11-26	pending	2025-11-17 23:08:25.421283	2025-11-17 23:08:25.421283	\N	\N
eb1fc7e3-ff3e-455d-9458-a6d1b472cfcf	aaaabbbb-cccc-dddd-eeee-111111111111	44444444-4444-4444-4444-444444444444	daily	2000	2025-11-26	pending	2025-11-17 23:08:25.432608	2025-11-17 23:08:25.432608	\N	\N
d4e9aa97-2efc-4675-b946-d1100339c1c3	aaaabbbb-cccc-dddd-eeee-111111111111	33333333-3333-3333-3333-333333333333	daily	2000	2025-11-26	pending	2025-11-17 23:08:25.450987	2025-11-17 23:08:25.450987	\N	\N
95949f05-0e6f-43de-9eed-97b95d10aa62	aaaabbbb-cccc-dddd-eeee-111111111111	77777777-7777-7777-7777-777777777777	daily	2000	2025-11-26	pending	2025-11-17 23:08:25.452194	2025-11-17 23:08:25.452194	\N	\N
e040b30b-e5f2-4bde-815f-95b198d305c0	aaaabbbb-cccc-dddd-eeee-111111111111	88888888-8888-8888-8888-888888888888	daily	2000	2025-11-26	pending	2025-11-17 23:08:25.479076	2025-11-17 23:08:25.479076	\N	\N
684ba65f-e79e-4e8d-b2a7-ab1ab456f4ed	aaaabbbb-cccc-dddd-eeee-111111111111	33333333-3333-3333-3333-333333333333	daily	1000	2025-11-19	pending	2025-11-17 23:23:29.233806	2025-11-17 23:23:29.233806	\N	\N
a112a5b5-28c9-4687-81ea-dbe0bdb6e2ea	aaaabbbb-cccc-dddd-eeee-111111111111	44444444-4444-4444-4444-444444444444	daily	1000	2025-11-19	pending	2025-11-17 23:23:29.333018	2025-11-17 23:23:29.333018	\N	\N
1d4b9724-dab4-4fb4-97fc-9815d6b373fa	aaaabbbb-cccc-dddd-eeee-111111111111	88888888-8888-8888-8888-888888888888	daily	1000	2025-11-19	pending	2025-11-17 23:23:29.449565	2025-11-17 23:23:29.449565	\N	\N
71aec8ff-03aa-4d74-a445-f9073b55b652	aaaabbbb-cccc-dddd-eeee-111111111111	55555555-5555-5555-5555-555555555555	daily	1000	2025-11-19	pending	2025-11-17 23:23:29.559018	2025-11-17 23:23:29.559018	\N	\N
9d726228-a4b7-4d6a-96a1-aab639e3378b	aaaabbbb-cccc-dddd-eeee-111111111111	cccccccc-cccc-cccc-cccc-cccccccccccc	daily	1000	2025-11-19	pending	2025-11-17 23:23:30.244667	2025-11-17 23:23:30.244667	\N	\N
eb92ed6b-5d82-401a-94a0-240ac47e520c	aaaabbbb-cccc-dddd-eeee-111111111111	99999999-9999-9999-9999-999999999999	daily	1000	2025-11-19	pending	2025-11-17 23:23:30.247608	2025-11-17 23:23:30.247608	\N	\N
36cecd39-184f-4590-946c-7b973581a654	aaaabbbb-cccc-dddd-eeee-111111111111	11111111-1111-1111-1111-111111111111	daily	1000	2025-11-19	pending	2025-11-17 23:23:30.321743	2025-11-17 23:23:30.321743	\N	\N
c2d2a5bb-8cf4-4948-ac5c-2fb4fa6f24c1	aaaabbbb-cccc-dddd-eeee-111111111111	22222222-2222-2222-2222-222222222222	daily	1000	2025-11-19	pending	2025-11-17 23:23:30.331539	2025-11-17 23:23:30.331539	\N	\N
c24ff2dc-f8eb-4c71-84c7-c4e37708c9e6	aaaabbbb-cccc-dddd-eeee-111111111111	77777777-7777-7777-7777-777777777777	daily	1000	2025-11-19	pending	2025-11-17 23:23:30.333939	2025-11-17 23:23:30.333939	\N	\N
27b06844-b908-4a0f-a50f-ddc013edf790	aaaabbbb-cccc-dddd-eeee-111111111111	66666666-6666-6666-6666-666666666666	daily	1000	2025-11-19	pending	2025-11-17 23:23:30.3418	2025-11-17 23:23:30.3418	\N	\N
480e55ef-ebaf-4a84-a21e-dfe298ad8638	aaaabbbb-cccc-dddd-eeee-111111111111	77777777-7777-7777-7777-777777777777	monthly	7143	\N	pending	2025-11-18 01:14:26.926988	2025-11-18 01:14:26.926988	1e525f5a-d834-4273-98d5-a98884260c62	\N
29c84758-b79d-44bc-b60a-da3d056a176a	aaaabbbb-cccc-dddd-eeee-111111111111	bbbbbbbb-bbbb-bbbb-bbbb-bbbbbbbbbbbb	monthly	7143	\N	pending	2025-11-18 01:14:26.957082	2025-11-18 01:14:26.957082	1e525f5a-d834-4273-98d5-a98884260c62	\N
bd3995ec-9112-492a-a517-6c18dd612a7b	aaaabbbb-cccc-dddd-eeee-111111111111	cccccccc-cccc-cccc-cccc-cccccccccccc	monthly	7143	\N	pending	2025-11-18 01:14:27.061111	2025-11-18 01:14:27.061111	1e525f5a-d834-4273-98d5-a98884260c62	\N
81b6f55e-075e-448b-87b6-82a5c5690617	aaaabbbb-cccc-dddd-eeee-111111111111	33333333-3333-3333-3333-333333333333	monthly	7143	\N	pending	2025-11-18 01:14:27.132868	2025-11-18 01:14:27.132868	1e525f5a-d834-4273-98d5-a98884260c62	\N
3584a088-985c-4c15-82c8-8eb491549f50	aaaabbbb-cccc-dddd-eeee-111111111111	99999999-9999-9999-9999-999999999999	monthly	7143	\N	pending	2025-11-18 01:14:27.871728	2025-11-18 01:14:27.871728	1e525f5a-d834-4273-98d5-a98884260c62	\N
145eef16-6f19-4304-9819-169ee2bd5a3d	aaaabbbb-cccc-dddd-eeee-111111111111	d913c0fa-fec7-49a1-ba7b-21602fdf43ee	monthly	7143	\N	pending	2025-11-18 01:14:27.906421	2025-11-18 01:14:27.906421	1e525f5a-d834-4273-98d5-a98884260c62	\N
4d87cafa-9805-43e1-a6af-d4fcf992e7bb	aaaabbbb-cccc-dddd-eeee-111111111111	aaaaaaaa-aaaa-aaaa-aaaa-aaaaaaaaaaaa	monthly	7143	\N	pending	2025-11-18 01:14:27.934876	2025-11-18 01:14:27.934876	1e525f5a-d834-4273-98d5-a98884260c62	\N
917e260f-c908-40fc-896a-69552a998545	aaaabbbb-cccc-dddd-eeee-111111111111	88888888-8888-8888-8888-888888888888	monthly	7143	\N	pending	2025-11-18 01:14:27.966535	2025-11-18 01:14:27.966535	1e525f5a-d834-4273-98d5-a98884260c62	\N
fc9e78d3-f2a7-4917-ad0a-3ee89bb6eb89	aaaabbbb-cccc-dddd-eeee-111111111111	11111111-1111-1111-1111-111111111111	monthly	7143	\N	pending	2025-11-18 01:14:27.98754	2025-11-18 01:14:27.98754	1e525f5a-d834-4273-98d5-a98884260c62	\N
a48b2b65-c0bd-4bd8-af52-18da9cdd7cc0	aaaabbbb-cccc-dddd-eeee-111111111111	22222222-2222-2222-2222-222222222222	monthly	7143	\N	pending	2025-11-18 01:14:27.988916	2025-11-18 01:14:27.988916	1e525f5a-d834-4273-98d5-a98884260c62	\N
1bc5b8a5-45f4-46b6-84c6-283b7bb55388	aaaabbbb-cccc-dddd-eeee-111111111111	4fe52ffd-10eb-4fd8-b3ca-382b242a64ea	monthly	7143	\N	pending	2025-11-18 01:14:28.005872	2025-11-18 01:14:28.005872	1e525f5a-d834-4273-98d5-a98884260c62	\N
7c99523d-9b7d-4632-9515-254f86fd4427	aaaabbbb-cccc-dddd-eeee-111111111111	66666666-6666-6666-6666-666666666666	monthly	7143	\N	pending	2025-11-18 01:14:28.031089	2025-11-18 01:14:28.031089	1e525f5a-d834-4273-98d5-a98884260c62	\N
aff642a1-4a03-4e7f-8489-d4bcee55e16f	aaaabbbb-cccc-dddd-eeee-111111111111	55555555-5555-5555-5555-555555555555	monthly	7143	\N	pending	2025-11-18 01:14:28.034088	2025-11-18 01:14:28.034088	1e525f5a-d834-4273-98d5-a98884260c62	\N
a17a64b9-890d-40fd-a6c7-b84728052058	aaaabbbb-cccc-dddd-eeee-111111111111	44444444-4444-4444-4444-444444444444	monthly	7143	\N	pending	2025-11-18 01:14:28.040422	2025-11-18 01:14:28.040422	1e525f5a-d834-4273-98d5-a98884260c62	\N
4b0daeb5-65a0-497a-968f-68c0ce872182	aaaabbbb-cccc-dddd-eeee-111111111111	11111111-1111-1111-1111-111111111111	daily	5000	2025-11-28	pending	2025-11-28 20:27:12.116484	2025-11-28 20:27:12.116484	4cab49e5-b655-461e-860b-f75cc86b8999	\N
db493c2b-a099-4c5b-8283-d706a2679861	aaaabbbb-cccc-dddd-eeee-111111111111	3f7043e5-3379-4f94-8ece-bebc99db71c2	daily	5000	2025-11-28	pending	2025-11-28 20:27:12.728648	2025-11-28 20:27:12.728648	4cab49e5-b655-461e-860b-f75cc86b8999	\N
ef5390ff-c0f9-4bdd-a8d0-8c94c9b78353	aaaabbbb-cccc-dddd-eeee-111111111111	bbbbbbbb-bbbb-bbbb-bbbb-bbbbbbbbbbbb	daily	5000	2025-11-28	pending	2025-11-28 20:27:12.831762	2025-11-28 20:27:12.831762	4cab49e5-b655-461e-860b-f75cc86b8999	\N
4def1f08-7a52-45a0-b811-292eb62a7fc5	aaaabbbb-cccc-dddd-eeee-111111111111	33333333-3333-3333-3333-333333333333	daily	5000	2025-11-28	paid	2025-11-28 20:27:12.841931	2025-11-28 20:27:35.35374	4cab49e5-b655-461e-860b-f75cc86b8999	\N
0d8a90f4-01dc-40db-8852-66f6f2815995	0106aace-cb71-4389-bd4c-49003a20b717	33333333-3333-3333-3333-333333333333	monthly	5000	2026-01-10	pending	2025-12-08 18:10:28.230487	2025-12-08 18:10:28.230487	\N	\N
1f481988-bb78-42a6-8b58-95cf920424cb	aaaabbbb-cccc-dddd-eeee-222222222222	55555555-5555-5555-5555-555555555555	monthly	6000	2026-01-13	paid	2026-01-12 18:23:03.693929	2026-01-12 18:23:07.823276	\N	\N
7d5ff3d3-ce88-4761-95fa-a48781d010ea	aaaabbbb-cccc-dddd-eeee-222222222222	99999999-9999-9999-9999-999999999999	daily	6000	2026-01-13	paid	2026-01-12 18:22:28.856116	2026-01-12 18:23:16.933822	\N	\N
\.


--
-- TOC entry 3614 (class 0 OID 139299)
-- Dependencies: 258
-- Data for Name: draw_configs; Type: TABLE DATA; Schema: public; Owner: -
--

COPY public.draw_configs (id, group_id, players_per_team, reserves_per_team, gk_count, defender_count, midfielder_count, forward_count, created_by, created_at, updated_at) FROM stdin;
731c719d-0934-411a-b0fe-5ad4c2e75152	aaaabbbb-cccc-dddd-eeee-111111111111	7	2	1	2	2	2	33333333-3333-3333-3333-333333333333	2025-11-01 21:18:16.739302+00	2025-11-01 21:18:16.739302+00
\.


--
-- TOC entry 3605 (class 0 OID 65655)
-- Dependencies: 249
-- Data for Name: teams; Type: TABLE DATA; Schema: public; Owner: -
--

COPY public.teams (id, event_id, name, seed, is_winner, created_at) FROM stdin;
aaaa1111-1111-1111-1111-111111111111	e1111111-1111-1111-1111-111111111111	Time A	1	t	2025-10-28 13:47:43.230832
bbbb1111-1111-1111-1111-111111111111	e1111111-1111-1111-1111-111111111111	Time B	2	f	2025-10-28 13:47:43.230832
5b7389ce-0b64-49eb-9164-ed312eba3514	1e525f5a-d834-4273-98d5-a98884260c62	Time A	0	\N	2025-11-02 14:34:09.990098
ccb1f71a-3ef9-4a29-9333-f866fc81db94	1e525f5a-d834-4273-98d5-a98884260c62	Time B	1	\N	2025-11-02 14:34:10.320386
c8aaf117-b254-4e7c-b1bb-e3d0c9c9a6f8	4cab49e5-b655-461e-860b-f75cc86b8999	Time A	0	\N	2025-11-28 20:23:35.618995
49103a86-164e-49b5-83a8-d14ac144fc9c	4cab49e5-b655-461e-860b-f75cc86b8999	Time B	1	\N	2025-11-28 20:23:36.102998
4bcd785f-caa7-4cce-b911-bf2ae2df8d42	0eb13abf-ad96-43d8-b08c-49a11d14ebe6	Time A	0	\N	2025-12-02 00:38:44.446193
f6f1fc03-362c-455a-846c-3b033bdf7357	0eb13abf-ad96-43d8-b08c-49a11d14ebe6	Time B	1	\N	2025-12-02 00:38:44.803662
df308ea8-24bf-49ba-8fff-90ff365667c9	cfa8bd48-764c-4c0c-afd6-64a4b2675bd0	Time A	0	\N	2025-12-08 18:16:11.97367
986d8389-7203-4f0b-b027-45ecbb7998e5	cfa8bd48-764c-4c0c-afd6-64a4b2675bd0	Time B	1	\N	2025-12-08 18:16:12.216853
eec05055-7a1e-4d7b-957d-3da0482f2ec8	732cb4e5-7936-4ccf-95a8-083ac8d3dba3	Time A	0	\N	2025-12-09 14:44:20.627961
1d1e80a8-b0c9-4cdb-a269-edceae2c9713	732cb4e5-7936-4ccf-95a8-083ac8d3dba3	Time B	1	\N	2025-12-09 14:44:21.232455
1472fe8d-834c-4f93-87ab-0f5a8f183cf7	b1339bab-0a27-4310-8e1c-c9105d9e4fe4	Time A	0	\N	2026-01-13 14:32:16.149299
460a05f7-39b1-4a72-af3e-2fd30d0a03a4	b1339bab-0a27-4310-8e1c-c9105d9e4fe4	Time B	1	\N	2026-01-13 14:32:17.223148
90e14ca4-85c5-4e90-befd-82055a7dfc99	eeeeee11-1111-1111-1111-111111111111	Time A	0	\N	2025-11-01 20:31:53.125784
a288a90c-a7d1-47a9-8183-9abf56ff4745	eeeeee11-1111-1111-1111-111111111111	Time B	1	\N	2025-11-01 20:31:53.375777
168d26e4-d32d-4607-9dc8-da8fc4b5e79a	0a14dead-1a13-477e-9e0a-eae5c0896284	Time A	0	\N	2026-01-28 16:30:13.497556
6a70edec-6475-4acf-8b3d-e69d8762e824	0a14dead-1a13-477e-9e0a-eae5c0896284	Time B	1	\N	2026-01-28 16:30:14.697516
56332735-94e1-43e5-93ce-f63ca760f6b0	cda8d404-ee00-4736-ab8f-e251c4c1ca17	Time A	0	\N	2026-01-29 12:59:36.194996
21cd101f-e41b-47b8-a948-5cc172f132af	cda8d404-ee00-4736-ab8f-e251c4c1ca17	Time B	1	\N	2026-01-29 12:59:37.261003
\.


--
-- TOC entry 3607 (class 0 OID 65690)
-- Dependencies: 251
-- Data for Name: event_actions; Type: TABLE DATA; Schema: public; Owner: -
--

COPY public.event_actions (id, event_id, actor_user_id, action_type, subject_user_id, team_id, minute, metadata, created_at) FROM stdin;
b45a56f1-fde9-4f1e-a58f-d9d6c53ec98f	e1111111-1111-1111-1111-111111111111	44444444-4444-4444-4444-444444444444	goal	\N	aaaa1111-1111-1111-1111-111111111111	5	\N	2025-10-28 13:47:43.317599
1f3be0bb-67ef-46d5-a696-92553409fddb	e1111111-1111-1111-1111-111111111111	11111111-1111-1111-1111-111111111111	assist	44444444-4444-4444-4444-444444444444	aaaa1111-1111-1111-1111-111111111111	5	\N	2025-10-28 13:47:43.317599
d3469db2-6c2b-4e4e-8cc5-2ea9838a5d99	e1111111-1111-1111-1111-111111111111	55555555-5555-5555-5555-555555555555	goal	\N	aaaa1111-1111-1111-1111-111111111111	12	\N	2025-10-28 13:47:43.317599
e1a3899f-a374-4ff4-9ae7-800aa9b3347d	e1111111-1111-1111-1111-111111111111	77777777-7777-7777-7777-777777777777	goal	\N	aaaa1111-1111-1111-1111-111111111111	23	\N	2025-10-28 13:47:43.317599
fc7aa961-e1fc-4c23-8915-74078e9eb41b	e1111111-1111-1111-1111-111111111111	44444444-4444-4444-4444-444444444444	assist	77777777-7777-7777-7777-777777777777	aaaa1111-1111-1111-1111-111111111111	23	\N	2025-10-28 13:47:43.317599
31d4fc72-292f-48ce-92d3-b4a6e6088b9f	e1111111-1111-1111-1111-111111111111	44444444-4444-4444-4444-444444444444	goal	\N	aaaa1111-1111-1111-1111-111111111111	38	\N	2025-10-28 13:47:43.317599
446eef08-3645-48c0-b5c7-52d5d407de90	e1111111-1111-1111-1111-111111111111	99999999-9999-9999-9999-999999999999	goal	\N	bbbb1111-1111-1111-1111-111111111111	18	\N	2025-10-28 13:47:43.317599
7f4f7bb4-0a85-4183-9dcf-bffdef85074d	e1111111-1111-1111-1111-111111111111	88888888-8888-8888-8888-888888888888	assist	99999999-9999-9999-9999-999999999999	bbbb1111-1111-1111-1111-111111111111	18	\N	2025-10-28 13:47:43.317599
f5a7f4dc-38d1-4b50-bbe2-4b40229cb4b4	e1111111-1111-1111-1111-111111111111	88888888-8888-8888-8888-888888888888	goal	\N	bbbb1111-1111-1111-1111-111111111111	35	\N	2025-10-28 13:47:43.317599
16188805-1491-432d-bb52-2e5679a0c30f	e1111111-1111-1111-1111-111111111111	22222222-2222-2222-2222-222222222222	save	\N	aaaa1111-1111-1111-1111-111111111111	15	\N	2025-10-28 13:47:43.317599
2e217134-5fb4-43d6-b1fa-d45f7f02ac60	e1111111-1111-1111-1111-111111111111	22222222-2222-2222-2222-222222222222	save	\N	aaaa1111-1111-1111-1111-111111111111	28	\N	2025-10-28 13:47:43.317599
d21c8652-7587-4eb6-ba37-11130ae87048	eeeeee11-1111-1111-1111-111111111111	33333333-3333-3333-3333-333333333333	goal	33333333-3333-3333-3333-333333333333	90e14ca4-85c5-4e90-befd-82055a7dfc99	\N	\N	2025-11-02 15:23:45.709204
8100c156-5afa-45d8-b5ea-3f72baca7646	eeeeee11-1111-1111-1111-111111111111	33333333-3333-3333-3333-333333333333	assist	33333333-3333-3333-3333-333333333333	90e14ca4-85c5-4e90-befd-82055a7dfc99	\N	\N	2025-11-02 15:23:53.857179
9212240f-bdf0-4882-8133-95d41d0c6a7c	eeeeee11-1111-1111-1111-111111111111	33333333-3333-3333-3333-333333333333	red_card	66666666-6666-6666-6666-666666666666	90e14ca4-85c5-4e90-befd-82055a7dfc99	\N	\N	2025-11-02 15:23:56.728896
6cf0dbb5-b549-4f34-af1d-c97b35071143	eeeeee11-1111-1111-1111-111111111111	33333333-3333-3333-3333-333333333333	goal	99999999-9999-9999-9999-999999999999	90e14ca4-85c5-4e90-befd-82055a7dfc99	\N	\N	2025-11-02 15:24:02.01305
94d2c4e2-eff6-4eca-9bb0-763ee5eb00e3	eeeeee11-1111-1111-1111-111111111111	33333333-3333-3333-3333-333333333333	goal	77777777-7777-7777-7777-777777777777	a288a90c-a7d1-47a9-8183-9abf56ff4745	\N	\N	2025-11-02 15:24:06.251715
c4c81ce9-de5c-4cde-9fd1-0e99734589e7	eeeeee11-1111-1111-1111-111111111111	33333333-3333-3333-3333-333333333333	goal	44444444-4444-4444-4444-444444444444	a288a90c-a7d1-47a9-8183-9abf56ff4745	\N	\N	2025-11-02 15:24:08.926493
5a6c3ca1-85c5-4b1c-b113-fd5b91cb497d	eeeeee11-1111-1111-1111-111111111111	33333333-3333-3333-3333-333333333333	goal	44444444-4444-4444-4444-444444444444	a288a90c-a7d1-47a9-8183-9abf56ff4745	\N	\N	2025-11-02 15:24:10.681198
7acd6dbd-e22a-45f6-b4f1-03d0a384a4eb	eeeeee11-1111-1111-1111-111111111111	33333333-3333-3333-3333-333333333333	goal	33333333-3333-3333-3333-333333333333	90e14ca4-85c5-4e90-befd-82055a7dfc99	\N	\N	2025-11-02 15:31:38.565415
718e95c3-18f9-4366-8628-80d62d92dc41	eeeeee11-1111-1111-1111-111111111111	33333333-3333-3333-3333-333333333333	goal	33333333-3333-3333-3333-333333333333	90e14ca4-85c5-4e90-befd-82055a7dfc99	\N	\N	2025-11-02 15:32:09.721415
45bbb2ab-33dc-4196-82c4-4370ce84d831	eeeeee11-1111-1111-1111-111111111111	33333333-3333-3333-3333-333333333333	goal	33333333-3333-3333-3333-333333333333	90e14ca4-85c5-4e90-befd-82055a7dfc99	\N	\N	2025-11-02 15:32:11.86121
b9fadf71-f7db-4375-a5b2-b18dd5958e86	eeeeee11-1111-1111-1111-111111111111	33333333-3333-3333-3333-333333333333	goal	33333333-3333-3333-3333-333333333333	90e14ca4-85c5-4e90-befd-82055a7dfc99	\N	\N	2025-11-02 15:32:13.244402
dfe1aa8e-21dd-4779-b5e7-fcd41619e96c	eeeeee11-1111-1111-1111-111111111111	33333333-3333-3333-3333-333333333333	goal	33333333-3333-3333-3333-333333333333	90e14ca4-85c5-4e90-befd-82055a7dfc99	\N	\N	2025-11-02 15:32:14.579255
a41eef24-494c-453b-91d8-97ac8c7c34ec	eeeeee11-1111-1111-1111-111111111111	33333333-3333-3333-3333-333333333333	goal	33333333-3333-3333-3333-333333333333	90e14ca4-85c5-4e90-befd-82055a7dfc99	\N	\N	2025-11-02 15:36:13.732021
71f9eb43-0347-4b97-ab86-2af0d49d9980	4cab49e5-b655-461e-860b-f75cc86b8999	33333333-3333-3333-3333-333333333333	goal	11111111-1111-1111-1111-111111111111	c8aaf117-b254-4e7c-b1bb-e3d0c9c9a6f8	\N	\N	2025-11-28 20:24:06.693058
74b6a9ed-5dcb-40da-9902-96bc675aa9c5	4cab49e5-b655-461e-860b-f75cc86b8999	33333333-3333-3333-3333-333333333333	yellow_card	11111111-1111-1111-1111-111111111111	c8aaf117-b254-4e7c-b1bb-e3d0c9c9a6f8	\N	\N	2025-11-28 20:24:13.178989
44d4acb7-9299-4e3c-b481-a3047cb3b95b	4cab49e5-b655-461e-860b-f75cc86b8999	33333333-3333-3333-3333-333333333333	goal	3f7043e5-3379-4f94-8ece-bebc99db71c2	49103a86-164e-49b5-83a8-d14ac144fc9c	\N	\N	2025-11-28 20:24:22.251815
7f45e897-3a84-4df0-b015-3b25ef442cbb	0eb13abf-ad96-43d8-b08c-49a11d14ebe6	33333333-3333-3333-3333-333333333333	red_card	55555555-5555-5555-5555-555555555555	4bcd785f-caa7-4cce-b911-bf2ae2df8d42	\N	\N	2025-12-02 00:39:58.102931
d31807bd-0da6-43d9-8074-a5114aca43b6	cfa8bd48-764c-4c0c-afd6-64a4b2675bd0	4fe52ffd-10eb-4fd8-b3ca-382b242a64ea	red_card	4fe52ffd-10eb-4fd8-b3ca-382b242a64ea	df308ea8-24bf-49ba-8fff-90ff365667c9	\N	\N	2025-12-08 18:16:33.085155
046a7c8e-3b8d-406f-a6ed-0de9cda549ec	732cb4e5-7936-4ccf-95a8-083ac8d3dba3	33333333-3333-3333-3333-333333333333	goal	aaaaaaaa-aaaa-aaaa-aaaa-aaaaaaaaaaaa	1d1e80a8-b0c9-4cdb-a269-edceae2c9713	\N	\N	2025-12-09 14:45:09.746178
a23623f1-ae5b-4e83-b46d-6f9a2b0d5eec	732cb4e5-7936-4ccf-95a8-083ac8d3dba3	33333333-3333-3333-3333-333333333333	goal	bbbbbbbb-bbbb-bbbb-bbbb-bbbbbbbbbbbb	eec05055-7a1e-4d7b-957d-3da0482f2ec8	\N	\N	2025-12-09 14:45:15.991533
040b0030-4a03-4290-b5a4-908aebe13525	cda8d404-ee00-4736-ab8f-e251c4c1ca17	79efc563-10ae-4693-80b4-ee485c76afb0	goal	a2ead9b4-c4a6-4483-8fa5-3d374a4f3d41	56332735-94e1-43e5-93ce-f63ca760f6b0	\N	\N	2026-01-29 13:00:34.727268
67e0fe3d-a149-41d7-9a53-c33a34a01af9	cda8d404-ee00-4736-ab8f-e251c4c1ca17	79efc563-10ae-4693-80b4-ee485c76afb0	goal	a2ead9b4-c4a6-4483-8fa5-3d374a4f3d41	56332735-94e1-43e5-93ce-f63ca760f6b0	\N	\N	2026-01-29 13:00:38.854602
fdfe5761-fd02-4926-8bbf-5ac1681f7c46	cda8d404-ee00-4736-ab8f-e251c4c1ca17	79efc563-10ae-4693-80b4-ee485c76afb0	goal	3d3b3929-2627-4712-88db-cb5a8490d2e7	56332735-94e1-43e5-93ce-f63ca760f6b0	\N	\N	2026-01-29 13:00:42.603193
62cd9333-e04e-402f-bf35-c3b5920bb3dd	cda8d404-ee00-4736-ab8f-e251c4c1ca17	79efc563-10ae-4693-80b4-ee485c76afb0	goal	908b7128-79d7-4f8d-a4a8-4753ffb31ddd	56332735-94e1-43e5-93ce-f63ca760f6b0	\N	\N	2026-01-29 13:00:46.520141
47ef54f2-70dd-4aef-ae7d-052c9638de13	cda8d404-ee00-4736-ab8f-e251c4c1ca17	79efc563-10ae-4693-80b4-ee485c76afb0	goal	16fd5577-dfa1-4875-9dc3-9570fa41d6a1	56332735-94e1-43e5-93ce-f63ca760f6b0	\N	\N	2026-01-29 13:00:51.326581
b9bc975a-586e-477e-b849-2b57c8d9f8ce	cda8d404-ee00-4736-ab8f-e251c4c1ca17	79efc563-10ae-4693-80b4-ee485c76afb0	goal	fb647db8-10fa-4d7c-a19e-440b084768b4	56332735-94e1-43e5-93ce-f63ca760f6b0	\N	\N	2026-01-29 13:00:57.595208
1c1a72fc-b16a-41c2-bb4f-0e86d318dd62	cda8d404-ee00-4736-ab8f-e251c4c1ca17	79efc563-10ae-4693-80b4-ee485c76afb0	goal	cbe1706f-2284-4dc2-9f5f-37038b72c11a	56332735-94e1-43e5-93ce-f63ca760f6b0	\N	\N	2026-01-29 13:01:03.129392
19a3312d-912b-422a-82e6-2a76292b1875	cda8d404-ee00-4736-ab8f-e251c4c1ca17	79efc563-10ae-4693-80b4-ee485c76afb0	goal	9ac9f410-f53b-412a-9263-e26fc68a08ab	21cd101f-e41b-47b8-a948-5cc172f132af	\N	\N	2026-01-29 13:01:09.402334
ce84a245-9df8-41ab-8ba4-84036839448c	cda8d404-ee00-4736-ab8f-e251c4c1ca17	79efc563-10ae-4693-80b4-ee485c76afb0	goal	60a7aa8f-b320-4fc1-8dbb-2f22e770e985	21cd101f-e41b-47b8-a948-5cc172f132af	\N	\N	2026-01-29 13:01:15.375668
000aa069-6ad9-4505-b292-8464d7b5dc53	cda8d404-ee00-4736-ab8f-e251c4c1ca17	79efc563-10ae-4693-80b4-ee485c76afb0	goal	f71f03cb-b7a0-4d75-820c-d7a46369697e	21cd101f-e41b-47b8-a948-5cc172f132af	\N	\N	2026-01-29 13:01:18.518862
c7fa66d1-59fa-4fb1-9c3d-cb8804bd2a7c	cda8d404-ee00-4736-ab8f-e251c4c1ca17	79efc563-10ae-4693-80b4-ee485c76afb0	goal	7c6a1e59-ee48-4570-a005-cbb09ccc7bb5	21cd101f-e41b-47b8-a948-5cc172f132af	\N	\N	2026-01-29 13:01:24.704528
5e785b53-9c0b-4c24-bfda-880ad9d782d8	cda8d404-ee00-4736-ab8f-e251c4c1ca17	79efc563-10ae-4693-80b4-ee485c76afb0	goal	40ea3527-4c0c-4652-868f-f1a24e534a4b	21cd101f-e41b-47b8-a948-5cc172f132af	\N	\N	2026-01-29 13:01:29.00393
2cb5191a-0896-46aa-aa76-a031a27e41c5	cda8d404-ee00-4736-ab8f-e251c4c1ca17	79efc563-10ae-4693-80b4-ee485c76afb0	goal	40ea3527-4c0c-4652-868f-f1a24e534a4b	21cd101f-e41b-47b8-a948-5cc172f132af	\N	\N	2026-01-29 13:01:33.981985
\.


--
-- TOC entry 3604 (class 0 OID 65631)
-- Dependencies: 248
-- Data for Name: event_attendance; Type: TABLE DATA; Schema: public; Owner: -
--

COPY public.event_attendance (id, event_id, user_id, role, status, checked_in_at, order_of_arrival, created_at, updated_at, preferred_position, secondary_position, removed_by_self_at) FROM stdin;
40575253-5cb3-481e-b1bd-0abfebdee61f	4ec5d37f-19bf-412c-96b2-4a09430d6736	33333333-3333-3333-3333-333333333333	line	yes	\N	\N	2025-10-30 18:40:40.873844	2025-10-30 18:40:40.873844	forward	midfielder	\N
aa0b47c4-70b2-4d27-b4b6-2719887535ba	eeeeee11-1111-1111-1111-111111111111	bbbbbbbb-bbbb-bbbb-bbbb-bbbbbbbbbbbb	line	waitlist	\N	\N	2025-11-01 20:00:13.397134	2025-11-01 20:00:29.705131	midfielder	defender	\N
bcef5965-f6eb-481b-b1ed-8fdf8a1631ee	eeeeee11-1111-1111-1111-111111111111	99999999-9999-9999-9999-999999999999	line	yes	\N	\N	2025-10-28 13:47:43.192566	2025-10-30 21:36:06.318361	midfielder	defender	\N
9adb5ad2-58ca-44d0-b445-61a13d61ef92	e1111111-1111-1111-1111-111111111111	11111111-1111-1111-1111-111111111111	line	yes	2025-10-14 13:47:43.147144	1	2025-10-28 13:47:43.147144	2025-10-28 13:47:43.147144	midfielder	defender	\N
cc21fccd-5368-4fe6-a62a-7aafcc8b412a	e1111111-1111-1111-1111-111111111111	22222222-2222-2222-2222-222222222222	gk	yes	2025-10-14 13:47:43.147144	2	2025-10-28 13:47:43.147144	2025-10-28 13:47:43.147144	defender	midfielder	\N
6fa05981-f05d-46af-a11c-44a61c3688db	e1111111-1111-1111-1111-111111111111	33333333-3333-3333-3333-333333333333	line	yes	2025-10-14 13:47:43.147144	3	2025-10-28 13:47:43.147144	2025-10-28 13:47:43.147144	midfielder	defender	\N
7ba7eed9-61cf-4d16-b8ad-61a02642ed87	e1111111-1111-1111-1111-111111111111	aaaaaaaa-aaaa-aaaa-aaaa-aaaaaaaaaaaa	line	yes	2025-10-14 13:47:43.147144	10	2025-10-28 13:47:43.147144	2025-10-28 13:47:43.147144	midfielder	defender	\N
9606e063-7405-44e3-a1cf-7adede37584a	e1111111-1111-1111-1111-111111111111	88888888-8888-8888-8888-888888888888	line	yes	2025-10-14 13:47:43.147144	8	2025-10-28 13:47:43.147144	2025-10-28 13:47:43.147144	midfielder	defender	\N
f5669ed0-79ab-481d-9e75-68f3e4d9490e	eeeeee11-1111-1111-1111-111111111111	22222222-2222-2222-2222-222222222222	gk	yes	\N	\N	2025-10-28 13:47:43.192566	2025-10-28 13:47:43.192566	midfielder	defender	\N
e2ec7338-1ad3-4403-b50e-3c08f019f54f	eeeeee11-1111-1111-1111-111111111111	11111111-1111-1111-1111-111111111111	line	yes	\N	\N	2025-10-28 13:47:43.192566	2025-10-28 13:47:43.192566	defender	midfielder	\N
f0080365-6d63-461a-ac58-2cc0209a1405	eeeeee11-1111-1111-1111-111111111111	88888888-8888-8888-8888-888888888888	line	yes	\N	\N	2025-10-28 13:47:43.192566	2025-10-28 13:47:43.192566	defender	midfielder	\N
df2c9f0e-5e93-4d04-98c7-c5daec4f0149	eeeeee11-1111-1111-1111-111111111111	55555555-5555-5555-5555-555555555555	line	yes	\N	\N	2025-10-28 13:47:43.192566	2025-10-28 13:47:43.192566	defender	midfielder	\N
3a5defc1-5208-42e0-8571-0d70f1b4e89d	e1111111-1111-1111-1111-111111111111	66666666-6666-6666-6666-666666666666	line	yes	2025-10-14 13:47:43.147144	6	2025-10-28 13:47:43.147144	2025-10-28 13:47:43.147144	forward	defender	\N
45a7cea4-c820-4a97-9593-599d51d129dd	e1111111-1111-1111-1111-111111111111	99999999-9999-9999-9999-999999999999	line	yes	2025-10-14 13:47:43.147144	9	2025-10-28 13:47:43.147144	2025-10-28 13:47:43.147144	forward	defender	\N
49121c56-5f9b-4489-8413-a757324dfacf	e1111111-1111-1111-1111-111111111111	77777777-7777-7777-7777-777777777777	line	yes	2025-10-14 13:47:43.147144	7	2025-10-28 13:47:43.147144	2025-10-28 13:47:43.147144	midfielder	defender	\N
04395ce1-6fb2-46f0-9c6c-f57945eed22c	1e525f5a-d834-4273-98d5-a98884260c62	33333333-3333-3333-3333-333333333333	gk	yes	\N	\N	2025-11-01 20:32:14.339002	2025-11-01 20:32:14.339002	gk	midfielder	\N
27f66c3f-ed09-46e9-a013-08dd303c386d	e1111111-1111-1111-1111-111111111111	55555555-5555-5555-5555-555555555555	line	yes	2025-10-14 13:47:43.147144	5	2025-10-28 13:47:43.147144	2025-10-28 13:47:43.147144	gk	forward	\N
29003335-6bd9-47e1-8943-570dd3d4e236	e1111111-1111-1111-1111-111111111111	44444444-4444-4444-4444-444444444444	line	yes	2025-10-14 13:47:43.147144	4	2025-10-28 13:47:43.147144	2025-10-28 13:47:43.147144	gk	forward	\N
4466b9bb-1b30-469b-b372-f1abe64b177a	1e525f5a-d834-4273-98d5-a98884260c62	88888888-8888-8888-8888-888888888888	line	yes	\N	\N	2025-11-01 20:32:20.990163	2025-11-01 20:32:20.990163	defender	gk	\N
d72ec2cf-413f-47f6-a19b-ba176831dfb4	eeeeee11-1111-1111-1111-111111111111	33333333-3333-3333-3333-333333333333	gk	yes	\N	\N	2025-11-01 19:32:43.3777	2025-11-01 19:32:43.3777	gk	defender	\N
5e3036d4-0052-47b0-af31-f8a8503e4eb9	eeeeee11-1111-1111-1111-111111111111	cccccccc-cccc-cccc-cccc-cccccccccccc	line	yes	\N	\N	2025-11-01 19:33:11.441205	2025-11-01 19:33:11.441205	defender	midfielder	\N
f99bb504-9b6d-4a44-81a4-dd180d9e1a00	eeeeee11-1111-1111-1111-111111111111	66666666-6666-6666-6666-666666666666	line	yes	\N	\N	2025-11-01 19:39:32.909832	2025-11-01 19:39:32.909832	forward	midfielder	\N
757decf1-513c-4dcc-819e-2094df233426	eeeeee11-1111-1111-1111-111111111111	44444444-4444-4444-4444-444444444444	line	yes	\N	\N	2025-11-01 19:39:45.445114	2025-11-01 19:39:45.445114	forward	midfielder	\N
4ce60700-f4ec-4702-bbb1-0f1bdcc07068	eeeeee11-1111-1111-1111-111111111111	77777777-7777-7777-7777-777777777777	line	yes	\N	\N	2025-11-01 19:39:57.180575	2025-11-01 19:39:57.180575	defender	forward	\N
906a9dda-69ca-4fd2-b82b-57e63e70a4da	eeeeee11-1111-1111-1111-111111111111	aaaaaaaa-aaaa-aaaa-aaaa-aaaaaaaaaaaa	line	waitlist	\N	\N	2025-11-01 20:00:19.957441	2025-11-01 20:00:19.957441	defender	forward	\N
ee537f33-8a67-47e6-8ac4-f8d8b1607424	1e525f5a-d834-4273-98d5-a98884260c62	cccccccc-cccc-cccc-cccc-cccccccccccc	line	yes	\N	\N	2025-11-01 20:32:27.459282	2025-11-01 20:32:27.459282	forward	midfielder	\N
f1875647-9ddb-409c-9237-37c3b75c2428	1e525f5a-d834-4273-98d5-a98884260c62	11111111-1111-1111-1111-111111111111	line	yes	\N	\N	2025-11-01 20:32:33.982074	2025-11-01 20:32:33.982074	forward	midfielder	\N
f3046e46-c932-4cc5-bbe4-24df8bda1352	1e525f5a-d834-4273-98d5-a98884260c62	99999999-9999-9999-9999-999999999999	line	yes	\N	\N	2025-11-01 20:32:39.127697	2025-11-01 20:32:39.127697	midfielder	forward	\N
48fd5712-b004-4506-9da5-e2b7e4a064b9	1e525f5a-d834-4273-98d5-a98884260c62	bbbbbbbb-bbbb-bbbb-bbbb-bbbbbbbbbbbb	line	yes	\N	\N	2025-11-01 20:32:43.404412	2025-11-01 20:32:43.404412	midfielder	forward	\N
a10d34f8-4a75-4235-bdf3-489ee58d2686	1e525f5a-d834-4273-98d5-a98884260c62	55555555-5555-5555-5555-555555555555	line	yes	\N	\N	2025-11-01 20:32:48.422438	2025-11-01 20:32:48.422438	midfielder	forward	\N
7caf18f2-c81b-4fe8-abb1-bdec3fb1f0b9	1e525f5a-d834-4273-98d5-a98884260c62	44444444-4444-4444-4444-444444444444	line	yes	\N	\N	2025-11-01 20:32:53.006483	2025-11-01 20:32:53.006483	midfielder	forward	\N
c5eb8880-f483-4009-8a56-0d760764d574	1e525f5a-d834-4273-98d5-a98884260c62	77777777-7777-7777-7777-777777777777	line	yes	\N	\N	2025-11-01 20:32:57.018778	2025-11-01 20:32:57.018778	midfielder	forward	\N
20a8fb60-b0f3-4381-805f-59abcc358fa8	1e525f5a-d834-4273-98d5-a98884260c62	66666666-6666-6666-6666-666666666666	line	yes	\N	\N	2025-11-01 20:33:00.770313	2025-11-01 20:33:00.770313	midfielder	forward	\N
97fd5b9c-0cbd-4344-b69e-2d33331243be	1e525f5a-d834-4273-98d5-a98884260c62	22222222-2222-2222-2222-222222222222	line	yes	\N	\N	2025-11-01 20:33:06.336447	2025-11-01 20:33:06.336447	midfielder	forward	\N
0e4e8b33-50f1-4251-9de2-39fdd6e396d9	1e525f5a-d834-4273-98d5-a98884260c62	aaaaaaaa-aaaa-aaaa-aaaa-aaaaaaaaaaaa	line	yes	\N	\N	2025-11-01 20:33:10.482794	2025-11-01 20:33:10.482794	midfielder	forward	\N
ea4a7797-3bb3-46b0-8bf3-c97397031723	1e525f5a-d834-4273-98d5-a98884260c62	4fe52ffd-10eb-4fd8-b3ca-382b242a64ea	line	yes	\N	\N	2025-11-02 14:33:10.899884	2025-11-02 14:33:10.899884	defender	forward	\N
2de4db41-5cf5-46f1-b189-7afd19d0f959	1e525f5a-d834-4273-98d5-a98884260c62	d913c0fa-fec7-49a1-ba7b-21602fdf43ee	gk	yes	\N	\N	2025-11-02 14:33:59.922137	2025-11-02 14:33:59.922137	gk	defender	\N
14b4dc9a-3177-46f5-bda7-a0e6a4b6206a	4cab49e5-b655-461e-860b-f75cc86b8999	33333333-3333-3333-3333-333333333333	line	yes	\N	\N	2025-11-28 20:22:51.154687	2025-11-28 20:22:51.154687	defender	midfielder	\N
e5616f5d-0044-4d71-8539-7625a83320ea	4cab49e5-b655-461e-860b-f75cc86b8999	11111111-1111-1111-1111-111111111111	gk	yes	\N	\N	2025-11-28 20:23:08.311931	2025-11-28 20:23:08.311931	gk	defender	\N
aeb3b99c-459a-43d7-a8f1-436d13f4b58c	4cab49e5-b655-461e-860b-f75cc86b8999	bbbbbbbb-bbbb-bbbb-bbbb-bbbbbbbbbbbb	line	yes	\N	\N	2025-11-28 20:23:21.957915	2025-11-28 20:23:21.957915	midfielder	forward	\N
86965816-fbf8-48ad-9b28-067bfa384f53	4cab49e5-b655-461e-860b-f75cc86b8999	3f7043e5-3379-4f94-8ece-bebc99db71c2	gk	yes	\N	\N	2025-11-28 20:23:30.233442	2025-11-28 20:23:30.233442	gk	forward	\N
216bdaf1-1050-4bd9-95fb-8e79c3c54b2b	0eb13abf-ad96-43d8-b08c-49a11d14ebe6	33333333-3333-3333-3333-333333333333	line	yes	\N	\N	2025-12-02 00:37:02.105955	2025-12-02 00:37:02.105955	midfielder	forward	\N
c0579cc5-d7d0-4204-ab1e-aaa0b4bad21c	0eb13abf-ad96-43d8-b08c-49a11d14ebe6	cccccccc-cccc-cccc-cccc-cccccccccccc	gk	yes	\N	\N	2025-12-02 00:37:32.856097	2025-12-02 00:37:32.856097	gk	midfielder	\N
d705e432-4909-43b1-8996-1c2b5a4d06da	0eb13abf-ad96-43d8-b08c-49a11d14ebe6	aaaaaaaa-aaaa-aaaa-aaaa-aaaaaaaaaaaa	line	yes	\N	\N	2025-12-02 00:37:42.929872	2025-12-02 00:37:42.929872	forward	defender	\N
333af5dc-b3c1-4cfb-9be3-842083f18c39	0eb13abf-ad96-43d8-b08c-49a11d14ebe6	55555555-5555-5555-5555-555555555555	line	yes	\N	\N	2025-12-02 00:38:01.535106	2025-12-02 00:38:01.535106	defender	midfielder	\N
7a58e221-671b-4c90-bdc3-b46df11a5be7	cfa8bd48-764c-4c0c-afd6-64a4b2675bd0	4fe52ffd-10eb-4fd8-b3ca-382b242a64ea	line	yes	\N	\N	2025-12-08 18:14:16.653919	2025-12-08 18:14:16.653919	midfielder	defender	\N
bd1413ce-c135-4b57-9252-2de2966d5320	cfa8bd48-764c-4c0c-afd6-64a4b2675bd0	33333333-3333-3333-3333-333333333333	line	yes	\N	\N	2025-12-08 18:14:43.547567	2025-12-08 18:14:43.547567	midfielder	defender	\N
d395ff3b-4bda-4c29-a9cf-d397cf894cb8	732cb4e5-7936-4ccf-95a8-083ac8d3dba3	33333333-3333-3333-3333-333333333333	line	yes	\N	\N	2025-12-09 14:28:49.641924	2025-12-09 14:28:49.641924	forward	midfielder	\N
d18721d4-3fb3-48a4-aa50-8bd76fed16c0	732cb4e5-7936-4ccf-95a8-083ac8d3dba3	11111111-1111-1111-1111-111111111111	gk	waitlist	\N	\N	2025-12-09 14:29:02.633369	2025-12-09 14:29:02.633369	gk	midfielder	\N
b5aa20f4-46bc-4fb1-a74c-3a122dbf0d57	732cb4e5-7936-4ccf-95a8-083ac8d3dba3	22222222-2222-2222-2222-222222222222	line	yes	\N	\N	2025-12-09 14:29:11.272269	2025-12-09 14:29:11.272269	defender	midfielder	\N
a3c31dd3-8527-44d2-9b5d-f1f7b291b413	732cb4e5-7936-4ccf-95a8-083ac8d3dba3	88888888-8888-8888-8888-888888888888	line	yes	\N	\N	2025-12-09 14:29:21.827315	2025-12-09 14:29:21.827315	forward	midfielder	\N
847c2ea1-3389-4342-9da2-9410e3f82acf	732cb4e5-7936-4ccf-95a8-083ac8d3dba3	bbbbbbbb-bbbb-bbbb-bbbb-bbbbbbbbbbbb	line	yes	\N	\N	2025-12-09 14:30:02.422639	2025-12-09 14:30:02.422639	midfielder	defender	\N
1c2baa71-69b2-4067-99d6-36f1f2b47bc8	732cb4e5-7936-4ccf-95a8-083ac8d3dba3	cccccccc-cccc-cccc-cccc-cccccccccccc	line	yes	\N	\N	2025-12-09 14:35:50.608142	2025-12-09 14:35:50.608142	forward	midfielder	\N
6679b32c-4119-4b73-9835-9634a5d11fd9	732cb4e5-7936-4ccf-95a8-083ac8d3dba3	aaaaaaaa-aaaa-aaaa-aaaa-aaaaaaaaaaaa	line	yes	\N	\N	2025-12-09 14:34:57.828471	2025-12-09 14:36:04.754684	defender	midfielder	\N
2ed7ad68-c84d-42a8-9699-ccf2418167af	732cb4e5-7936-4ccf-95a8-083ac8d3dba3	d913c0fa-fec7-49a1-ba7b-21602fdf43ee	line	yes	\N	\N	2025-12-09 14:44:13.610308	2025-12-09 14:44:13.610308	forward	defender	\N
274b1a9c-802d-437d-bb1e-e244c095831d	70628031-fd89-4a8d-a7f1-cf28791d83c8	33333333-3333-3333-3333-333333333333	line	yes	\N	\N	2025-12-12 02:15:02.643071	2025-12-12 02:15:02.643071	defender	midfielder	\N
d67bc576-8769-46f0-b8d5-091f1ecc66d1	41814f14-16a4-4c91-ab42-9ade50b4fa16	37894bdc-ef87-4199-abc9-57fd3b14c574	line	yes	\N	\N	2025-12-17 14:08:33.606465	2025-12-17 14:08:33.606465	forward	defender	\N
2a4c2fbc-0f62-46a2-afac-a25dfc75808c	b1339bab-0a27-4310-8e1c-c9105d9e4fe4	33333333-3333-3333-3333-333333333333	line	yes	\N	\N	2026-01-13 14:28:15.125833	2026-01-13 14:28:49.245841	defender	midfielder	\N
1433392c-62bb-4b6c-ba23-9f0e6f0685ec	b1339bab-0a27-4310-8e1c-c9105d9e4fe4	99999999-9999-9999-9999-999999999999	line	yes	\N	\N	2026-01-13 14:28:59.39246	2026-01-13 14:28:59.39246	defender	midfielder	\N
11a22a51-aaaa-452c-bfcb-ca22f86d02bd	b1339bab-0a27-4310-8e1c-c9105d9e4fe4	66666666-6666-6666-6666-666666666666	line	yes	\N	\N	2026-01-13 14:29:11.634433	2026-01-13 14:29:11.634433	midfielder	forward	\N
e7f62793-8925-4c36-b1b8-f98143b06972	b1339bab-0a27-4310-8e1c-c9105d9e4fe4	4fe52ffd-10eb-4fd8-b3ca-382b242a64ea	gk	yes	\N	\N	2026-01-13 14:29:28.559403	2026-01-13 14:29:28.559403	gk	defender	\N
0787730d-7e72-4cfe-9fa0-8f4d198a72c8	b1339bab-0a27-4310-8e1c-c9105d9e4fe4	d913c0fa-fec7-49a1-ba7b-21602fdf43ee	gk	yes	\N	\N	2026-01-13 14:30:27.622961	2026-01-13 14:30:27.622961	gk	defender	\N
5950c639-ae4b-438b-aefe-958612802bf5	b1339bab-0a27-4310-8e1c-c9105d9e4fe4	22222222-2222-2222-2222-222222222222	line	yes	\N	\N	2026-01-13 14:30:37.601613	2026-01-13 14:30:37.601613	defender	midfielder	\N
ede31d30-2fc5-4af0-99de-1d7a94c42294	b1339bab-0a27-4310-8e1c-c9105d9e4fe4	cccccccc-cccc-cccc-cccc-cccccccccccc	line	yes	\N	\N	2026-01-13 14:30:44.750593	2026-01-13 14:30:44.750593	midfielder	forward	\N
e74f157c-346f-46e4-882d-32747976e14f	b1339bab-0a27-4310-8e1c-c9105d9e4fe4	88888888-8888-8888-8888-888888888888	line	yes	\N	\N	2026-01-13 14:30:56.679321	2026-01-13 14:30:56.679321	forward	midfielder	\N
026098b3-ad33-429f-918a-41b876aff4e9	b1339bab-0a27-4310-8e1c-c9105d9e4fe4	aaaaaaaa-aaaa-aaaa-aaaa-aaaaaaaaaaaa	line	yes	\N	\N	2026-01-13 14:31:02.31651	2026-01-13 14:31:02.31651	forward	midfielder	\N
24129476-a5a9-4055-802c-b5ef6d01dc31	b1339bab-0a27-4310-8e1c-c9105d9e4fe4	11111111-1111-1111-1111-111111111111	line	yes	\N	\N	2026-01-13 14:31:09.101817	2026-01-13 14:31:09.101817	defender	midfielder	\N
6ba297c9-73ef-4c6d-8736-911385e3f6e5	b1339bab-0a27-4310-8e1c-c9105d9e4fe4	77777777-7777-7777-7777-777777777777	line	yes	\N	\N	2026-01-13 14:31:20.1649	2026-01-13 14:31:20.1649	forward	midfielder	\N
f90d21ca-33b8-4745-8a8f-ae9dafa54ef3	b1339bab-0a27-4310-8e1c-c9105d9e4fe4	3f7043e5-3379-4f94-8ece-bebc99db71c2	line	yes	\N	\N	2026-01-13 14:31:27.236874	2026-01-13 14:31:27.236874	midfielder	forward	\N
2c806493-d779-4699-9dce-c03391296593	b1339bab-0a27-4310-8e1c-c9105d9e4fe4	55555555-5555-5555-5555-555555555555	line	yes	\N	\N	2026-01-13 14:31:37.595188	2026-01-13 14:31:37.595188	midfielder	forward	\N
0f5c93ee-ebc6-4675-ad8c-61e3d5e3f4e5	b1339bab-0a27-4310-8e1c-c9105d9e4fe4	bbbbbbbb-bbbb-bbbb-bbbb-bbbbbbbbbbbb	line	yes	\N	\N	2026-01-13 14:31:44.927716	2026-01-13 14:31:44.927716	defender	midfielder	\N
6bc15336-70f2-4e43-be56-0b489dd81bb3	b1339bab-0a27-4310-8e1c-c9105d9e4fe4	44444444-4444-4444-4444-444444444444	line	yes	\N	\N	2026-01-13 14:31:55.915096	2026-01-13 14:31:55.915096	midfielder	forward	\N
42274e01-4052-44e6-abeb-b3c09b253566	6a5f63c1-a379-412b-b706-5124394c1469	79efc563-10ae-4693-80b4-ee485c76afb0	line	yes	\N	\N	2026-01-21 23:45:17.717334	2026-01-21 23:45:17.717334	midfielder	forward	\N
fec84087-c747-4b9a-8956-3b392e6c4d8d	6a5f63c1-a379-412b-b706-5124394c1469	05c0aeff-3b21-4fe8-a652-72cfbacafbe7	gk	yes	\N	\N	2026-01-21 23:45:32.844862	2026-01-21 23:45:32.844862	gk	midfielder	\N
bd0c581b-0543-43b1-a7d0-4153cc564b4f	0a14dead-1a13-477e-9e0a-eae5c0896284	79efc563-10ae-4693-80b4-ee485c76afb0	line	yes	\N	\N	2026-01-27 14:39:54.547897	2026-01-27 14:39:54.547897	midfielder	forward	\N
7a6fecaf-8827-45f5-82e5-8d186b2c55b2	0a14dead-1a13-477e-9e0a-eae5c0896284	e133eacc-09e1-4d95-8c9e-e5d555ae11d2	line	yes	\N	\N	2026-01-27 15:02:06.346907	2026-01-27 15:02:25.018577	forward	defender	\N
5ddb8890-bf93-4123-9159-ca1f262658f2	0a14dead-1a13-477e-9e0a-eae5c0896284	40ea3527-4c0c-4652-868f-f1a24e534a4b	line	yes	\N	\N	2026-01-27 15:03:30.521313	2026-01-27 15:03:30.521313	forward	midfielder	\N
71473fae-1c82-4996-8705-98b97eacb4c1	0a14dead-1a13-477e-9e0a-eae5c0896284	9ac9f410-f53b-412a-9263-e26fc68a08ab	line	yes	\N	\N	2026-01-27 15:03:30.586124	2026-01-27 15:03:30.586124	midfielder	forward	\N
cea3fc38-fa79-4441-b998-06d706a57f83	0a14dead-1a13-477e-9e0a-eae5c0896284	f71f03cb-b7a0-4d75-820c-d7a46369697e	line	yes	\N	\N	2026-01-27 15:04:42.015201	2026-01-27 15:04:42.015201	defender	midfielder	\N
58f2e3bc-313c-4fc4-81b6-104af9e66443	0a14dead-1a13-477e-9e0a-eae5c0896284	16fd5577-dfa1-4875-9dc3-9570fa41d6a1	line	yes	\N	\N	2026-01-27 15:05:15.019653	2026-01-27 15:05:33.283378	midfielder	defender	\N
51820322-e9dd-455e-b0a2-d1bced8709a4	0a14dead-1a13-477e-9e0a-eae5c0896284	3d3b3929-2627-4712-88db-cb5a8490d2e7	line	yes	\N	\N	2026-01-27 15:05:02.18168	2026-01-27 15:06:25.755239	forward	midfielder	\N
99d001b8-8546-4328-bb7a-683330ad3811	0a14dead-1a13-477e-9e0a-eae5c0896284	8bec2716-c2bc-4e7a-bdf1-e727e210aa8a	line	yes	\N	\N	2026-01-27 15:07:51.306059	2026-01-27 15:07:51.306059	defender	midfielder	\N
b97311cb-cfe6-4435-90af-7e8dc0f7bd22	0a14dead-1a13-477e-9e0a-eae5c0896284	fb647db8-10fa-4d7c-a19e-440b084768b4	line	yes	\N	\N	2026-01-27 15:08:05.384822	2026-01-27 15:08:05.384822	midfielder	forward	\N
a0f128c2-8a18-4495-985d-0d52b6d8e312	0a14dead-1a13-477e-9e0a-eae5c0896284	f5cf48d3-54d9-4d94-8fb9-132952633900	line	yes	\N	\N	2026-01-27 15:09:12.354845	2026-01-27 15:09:12.354845	midfielder	forward	\N
b7965ff6-2adc-4a78-8d7c-fada2e7f29d7	0a14dead-1a13-477e-9e0a-eae5c0896284	34421d84-5293-4bc2-aef6-62fd61eeb0d2	line	yes	\N	\N	2026-01-27 15:09:38.655307	2026-01-27 15:09:38.655307	defender	gk	\N
6638abfd-2b4e-48ba-97e9-b3b35ca4a097	0a14dead-1a13-477e-9e0a-eae5c0896284	60a7aa8f-b320-4fc1-8dbb-2f22e770e985	line	yes	\N	\N	2026-01-27 15:12:27.789779	2026-01-27 15:12:27.789779	defender	midfielder	\N
4ec17fb8-6572-4fc4-adc4-b7515dcd3740	0a14dead-1a13-477e-9e0a-eae5c0896284	7c6a1e59-ee48-4570-a005-cbb09ccc7bb5	line	yes	\N	\N	2026-01-27 15:24:52.025624	2026-01-27 15:24:52.025624	defender	midfielder	\N
59ab074f-0501-47d7-92b9-3caa3a59ce07	0a14dead-1a13-477e-9e0a-eae5c0896284	47bde709-ca3b-402c-b47b-f608a445eced	line	yes	\N	\N	2026-01-27 17:07:24.459346	2026-01-27 17:07:24.459346	defender	midfielder	\N
638169a7-eb5b-40b9-91fb-63481c367523	0a14dead-1a13-477e-9e0a-eae5c0896284	908b7128-79d7-4f8d-a4a8-4753ffb31ddd	line	yes	\N	\N	2026-01-27 18:38:52.461732	2026-01-27 18:38:52.461732	midfielder	forward	\N
71f43397-b78e-4f74-9ba7-4c3dde00fcce	0a14dead-1a13-477e-9e0a-eae5c0896284	0ce3e02e-5ba1-4117-9169-664cb1b86649	line	yes	\N	\N	2026-01-27 19:42:02.46783	2026-01-27 19:42:02.46783	midfielder	forward	\N
823510a2-1b1b-4b5b-84a0-7bddb7758b3d	0a14dead-1a13-477e-9e0a-eae5c0896284	5ce0a256-dc51-4c20-8d54-ea8e0171376c	gk	yes	\N	\N	2026-01-27 19:45:38.84151	2026-01-27 19:45:38.84151	gk	forward	\N
66271395-84ff-411c-9bc9-fcdb4cfbf7ef	0a14dead-1a13-477e-9e0a-eae5c0896284	33333333-3333-3333-3333-333333333333	gk	yes	\N	\N	2026-01-27 22:56:34.137791	2026-01-27 22:56:34.137791	gk	defender	\N
b841554d-4b6e-4e47-a541-6d20cab0d074	cda8d404-ee00-4736-ab8f-e251c4c1ca17	34421d84-5293-4bc2-aef6-62fd61eeb0d2	line	yes	\N	\N	2026-01-29 12:15:55.486942	2026-01-29 12:15:55.486942	defender	midfielder	\N
3215d15d-6c9b-4b9e-a5e4-637f392c8b8a	cda8d404-ee00-4736-ab8f-e251c4c1ca17	8bec2716-c2bc-4e7a-bdf1-e727e210aa8a	line	yes	\N	\N	2026-01-29 12:16:04.419224	2026-01-29 12:16:04.419224	defender	midfielder	\N
70945854-c4ae-48aa-b1b3-0b0bc88228cc	cda8d404-ee00-4736-ab8f-e251c4c1ca17	908b7128-79d7-4f8d-a4a8-4753ffb31ddd	line	yes	\N	\N	2026-01-29 12:16:16.401192	2026-01-29 12:16:16.401192	midfielder	forward	\N
189e1b45-7b89-42cc-bebb-73dbe85568f7	cda8d404-ee00-4736-ab8f-e251c4c1ca17	16fd5577-dfa1-4875-9dc3-9570fa41d6a1	line	yes	\N	\N	2026-01-29 12:16:25.53682	2026-01-29 12:16:25.53682	defender	midfielder	\N
cb43d77b-3b09-471d-aa9b-90d93bfb44d1	cda8d404-ee00-4736-ab8f-e251c4c1ca17	fb647db8-10fa-4d7c-a19e-440b084768b4	line	yes	\N	\N	2026-01-29 12:16:39.048325	2026-01-29 12:16:39.048325	forward	midfielder	\N
cb8eabf4-4d10-4c23-84c4-951f6219c894	cda8d404-ee00-4736-ab8f-e251c4c1ca17	a2ead9b4-c4a6-4483-8fa5-3d374a4f3d41	line	yes	\N	\N	2026-01-29 12:16:49.884886	2026-01-29 12:16:49.884886	midfielder	forward	\N
6f930f7d-4068-4c89-b2ac-4c115471ad33	cda8d404-ee00-4736-ab8f-e251c4c1ca17	cbe1706f-2284-4dc2-9f5f-37038b72c11a	line	yes	\N	\N	2026-01-29 12:57:10.576151	2026-01-29 12:57:10.576151	midfielder	forward	\N
2cf5fea2-fc69-4893-b58a-d51ccaf40f87	cda8d404-ee00-4736-ab8f-e251c4c1ca17	3d3b3929-2627-4712-88db-cb5a8490d2e7	line	yes	\N	\N	2026-01-29 12:57:17.217534	2026-01-29 12:57:17.217534	midfielder	forward	\N
998aecbc-dbe1-4cc8-bb19-cb741e461ad7	cda8d404-ee00-4736-ab8f-e251c4c1ca17	47bde709-ca3b-402c-b47b-f608a445eced	line	yes	\N	\N	2026-01-29 12:57:29.621179	2026-01-29 12:57:29.621179	defender	midfielder	\N
62926957-988c-45cc-8b07-0d4fb46a7c05	cda8d404-ee00-4736-ab8f-e251c4c1ca17	60a7aa8f-b320-4fc1-8dbb-2f22e770e985	line	yes	\N	\N	2026-01-29 12:57:45.046444	2026-01-29 12:57:45.046444	defender	midfielder	\N
98c52c67-d849-4db1-9fdd-be9d506d2c23	cda8d404-ee00-4736-ab8f-e251c4c1ca17	f71f03cb-b7a0-4d75-820c-d7a46369697e	line	yes	\N	\N	2026-01-29 12:57:56.501584	2026-01-29 12:57:56.501584	defender	midfielder	\N
16e0d86b-dc33-46ee-ba34-3f17edb8eb62	cda8d404-ee00-4736-ab8f-e251c4c1ca17	9ac9f410-f53b-412a-9263-e26fc68a08ab	line	yes	\N	\N	2026-01-29 12:58:03.115083	2026-01-29 12:58:03.115083	midfielder	forward	\N
a47a3d73-a62b-4dcb-aeb1-c9ac717d5133	cda8d404-ee00-4736-ab8f-e251c4c1ca17	7c6a1e59-ee48-4570-a005-cbb09ccc7bb5	line	yes	\N	\N	2026-01-29 12:58:11.817277	2026-01-29 12:58:11.817277	defender	midfielder	\N
668170fc-56a7-47f4-b263-0799ec9ed96f	cda8d404-ee00-4736-ab8f-e251c4c1ca17	79efc563-10ae-4693-80b4-ee485c76afb0	line	yes	\N	\N	2026-01-29 12:58:19.810053	2026-01-29 12:58:19.810053	midfielder	forward	\N
56778f99-ac13-4806-8822-7c1cf22e95f7	cda8d404-ee00-4736-ab8f-e251c4c1ca17	40ea3527-4c0c-4652-868f-f1a24e534a4b	line	yes	\N	\N	2026-01-29 12:58:30.12855	2026-01-29 12:58:30.12855	forward	midfielder	\N
2ac34e20-8b17-424c-b026-c26f01a1509e	cda8d404-ee00-4736-ab8f-e251c4c1ca17	e133eacc-09e1-4d95-8c9e-e5d555ae11d2	line	yes	\N	\N	2026-01-29 12:58:37.115745	2026-01-29 12:58:37.115745	forward	midfielder	\N
\.


--
-- TOC entry 3615 (class 0 OID 147456)
-- Dependencies: 259
-- Data for Name: event_settings; Type: TABLE DATA; Schema: public; Owner: -
--

COPY public.event_settings (id, group_id, min_players, max_players, max_waitlist, created_by, created_at, updated_at) FROM stdin;
8a0032c1-2280-451f-ad67-22088271ae9b	aaaabbbb-cccc-dddd-eeee-222222222222	4	22	10	\N	2025-11-01 20:09:35.596781	2025-11-01 20:09:35.596781
298ff955-9f1c-4852-bb9b-eb781c9541d6	9f5a92a6-6cc4-4c9b-87c2-dc943f458359	4	22	10	\N	2025-11-01 20:09:35.596781	2025-11-01 20:09:35.596781
821d39a7-4721-484d-9e66-479ae0fe0554	aaaabbbb-cccc-dddd-eeee-111111111111	4	22	10	\N	2025-11-01 20:09:35.596781	2025-11-01 20:30:39.819618
\.


--
-- TOC entry 3601 (class 0 OID 65565)
-- Dependencies: 245
-- Data for Name: group_members; Type: TABLE DATA; Schema: public; Owner: -
--

COPY public.group_members (id, user_id, group_id, role, is_goalkeeper, base_rating, joined_at, deleted_at) FROM stdin;
6e641a8d-5e74-427a-b022-a6cdc4a5844d	11111111-1111-1111-1111-111111111111	aaaabbbb-cccc-dddd-eeee-111111111111	admin	f	7	2025-07-30 13:22:54.193494	\N
c372b285-7bc9-487b-9e21-7ef1d64b7e39	22222222-2222-2222-2222-222222222222	aaaabbbb-cccc-dddd-eeee-111111111111	member	t	8	2025-07-31 13:22:54.193494	\N
d6ad5b70-4395-40d8-863a-a06fb0729041	44444444-4444-4444-4444-444444444444	aaaabbbb-cccc-dddd-eeee-111111111111	member	f	8	2025-08-02 13:22:54.193494	\N
3b912d74-fd12-4c8a-aa0c-6b3fa08ece3e	55555555-5555-5555-5555-555555555555	aaaabbbb-cccc-dddd-eeee-111111111111	member	f	7	2025-08-03 13:22:54.193494	\N
2cbf1dab-a3d8-483c-b6ca-32ffbb65ef32	66666666-6666-6666-6666-666666666666	aaaabbbb-cccc-dddd-eeee-111111111111	member	f	5	2025-08-04 13:22:54.193494	\N
fd116b6b-9635-46a5-ade4-0d56f2dd6bc3	77777777-7777-7777-7777-777777777777	aaaabbbb-cccc-dddd-eeee-111111111111	member	f	7	2025-08-05 13:22:54.193494	\N
82a6b87f-2457-441c-971f-1a7f45c9b9eb	88888888-8888-8888-8888-888888888888	aaaabbbb-cccc-dddd-eeee-111111111111	member	f	6	2025-08-06 13:22:54.193494	\N
ffae2867-1122-44b4-a9d0-d7b50dd09b7b	99999999-9999-9999-9999-999999999999	aaaabbbb-cccc-dddd-eeee-111111111111	member	f	8	2025-08-07 13:22:54.193494	\N
825b87d6-3a15-47a3-8cc8-47fa8d121015	aaaaaaaa-aaaa-aaaa-aaaa-aaaaaaaaaaaa	aaaabbbb-cccc-dddd-eeee-111111111111	member	f	7	2025-08-08 13:22:54.193494	\N
83fe7524-ae0f-4b48-8585-c14764a993c9	bbbbbbbb-bbbb-bbbb-bbbb-bbbbbbbbbbbb	aaaabbbb-cccc-dddd-eeee-111111111111	member	t	7	2025-08-09 13:22:54.193494	\N
1ac869fd-0735-4cce-883a-1e649c0c35a3	cccccccc-cccc-cccc-cccc-cccccccccccc	aaaabbbb-cccc-dddd-eeee-111111111111	member	f	6	2025-08-10 13:22:54.193494	\N
eb3d0c60-473e-4d7c-ab54-a81a2b499531	22222222-2222-2222-2222-222222222222	aaaabbbb-cccc-dddd-eeee-222222222222	admin	f	8	2025-08-29 13:22:54.234908	\N
7696293b-0119-4fc3-aeb6-26effd9c0691	55555555-5555-5555-5555-555555555555	aaaabbbb-cccc-dddd-eeee-222222222222	member	t	8	2025-08-31 13:22:54.234908	\N
93dda604-a7a9-4b01-b724-627272604319	77777777-7777-7777-7777-777777777777	aaaabbbb-cccc-dddd-eeee-222222222222	member	f	7	2025-09-01 13:22:54.234908	\N
8e666a2d-f7fc-46d4-8234-2c6b08440e9b	99999999-9999-9999-9999-999999999999	aaaabbbb-cccc-dddd-eeee-222222222222	member	f	6	2025-09-02 13:22:54.234908	\N
32a447b8-3c19-4543-8422-bd107a971d50	bbbbbbbb-bbbb-bbbb-bbbb-bbbbbbbbbbbb	aaaabbbb-cccc-dddd-eeee-222222222222	member	f	7	2025-09-03 13:22:54.234908	\N
10a94b53-b7ae-486e-b8ef-d07d3652ec20	dddddddd-dddd-dddd-dddd-dddddddddddd	aaaabbbb-cccc-dddd-eeee-222222222222	member	f	8	2025-09-04 13:22:54.234908	\N
b562c736-fbba-4baf-b67b-63be058073da	eeeeeeee-eeee-eeee-eeee-eeeeeeeeeeee	aaaabbbb-cccc-dddd-eeee-222222222222	member	t	7	2025-09-05 13:22:54.234908	\N
74171546-eeef-45bb-8731-14477c215d51	ffffffff-ffff-ffff-ffff-ffffffffffff	aaaabbbb-cccc-dddd-eeee-222222222222	member	f	6	2025-09-06 13:22:54.234908	\N
0032a708-138b-4475-bb13-322bfb721308	11111111-1111-1111-1111-111111111111	aaaabbbb-cccc-dddd-eeee-222222222222	member	f	7	2025-09-07 13:22:54.234908	\N
d29a649f-ff44-4208-be37-299daffad642	33333333-3333-3333-3333-333333333333	9f5a92a6-6cc4-4c9b-87c2-dc943f458359	admin	f	5	2025-10-30 18:02:52.836149	\N
3a590d45-de51-4cf0-b0c8-020dae1186e9	33333333-3333-3333-3333-333333333333	aaaabbbb-cccc-dddd-eeee-222222222222	admin	f	7	2025-08-30 13:22:54.234908	\N
be8e9dfc-490c-42d8-9b78-e4ed41f16c99	33333333-3333-3333-3333-333333333333	aaaabbbb-cccc-dddd-eeee-111111111111	admin	f	6	2025-08-01 13:22:54.193494	\N
6bcef21d-6406-46cd-bf6b-42e612533128	d913c0fa-fec7-49a1-ba7b-21602fdf43ee	aaaabbbb-cccc-dddd-eeee-111111111111	member	f	5	2025-11-02 14:31:53.76363	\N
2e552ca1-9e7e-480d-b6b7-b9922addea13	4fe52ffd-10eb-4fd8-b3ca-382b242a64ea	aaaabbbb-cccc-dddd-eeee-111111111111	member	f	5	2025-11-02 14:32:02.072497	\N
42ae6714-a7be-4b57-b9fb-65ecf49a247e	3f7043e5-3379-4f94-8ece-bebc99db71c2	aaaabbbb-cccc-dddd-eeee-111111111111	member	f	5	2025-11-02 14:40:14.29977	\N
082e7b0b-d702-4d2e-aa96-27f07de81a0e	4fe52ffd-10eb-4fd8-b3ca-382b242a64ea	0106aace-cb71-4389-bd4c-49003a20b717	admin	f	5	2025-12-08 18:07:24.607444	\N
7d18523e-e06a-4348-a43a-f6186f13577f	33333333-3333-3333-3333-333333333333	0106aace-cb71-4389-bd4c-49003a20b717	member	f	5	2025-12-08 18:09:49.617003	\N
402a580f-1b8e-4610-9433-e443ac84cc53	37894bdc-ef87-4199-abc9-57fd3b14c574	ae0cd047-a04d-4f7b-a910-5461e0a2bd32	admin	f	5	2025-12-17 14:03:38.5502	\N
00c00c48-2048-43f2-aa66-4f26da0be8ca	645ac7d8-5371-4287-b1c6-cbad405db643	0e492f02-8eff-4907-85ef-68d71e9d2038	admin	f	5	2025-12-17 14:09:37.843168	\N
b7da4617-c331-4bb9-ae67-cf215d03adfe	79efc563-10ae-4693-80b4-ee485c76afb0	673a26b1-7390-4fd3-824b-3e2ea8fddacc	admin	f	5	2026-01-21 23:38:22.30177	\N
a62d66d0-9fc8-4fa9-a384-05b926476dde	05c0aeff-3b21-4fe8-a652-72cfbacafbe7	673a26b1-7390-4fd3-824b-3e2ea8fddacc	member	f	5	2026-01-21 23:44:21.419191	\N
509ac058-03ef-44a2-8474-9c7635894512	e133eacc-09e1-4d95-8c9e-e5d555ae11d2	673a26b1-7390-4fd3-824b-3e2ea8fddacc	member	f	5	2026-01-22 16:40:39.268956	\N
407ac7ed-bcca-48ca-bfd8-c09da5fc74a8	3d3b3929-2627-4712-88db-cb5a8490d2e7	673a26b1-7390-4fd3-824b-3e2ea8fddacc	member	f	5	2026-01-22 16:46:44.056148	\N
8974678c-449d-4474-836c-e196c5b08a62	908b7128-79d7-4f8d-a4a8-4753ffb31ddd	673a26b1-7390-4fd3-824b-3e2ea8fddacc	member	f	5	2026-01-22 16:53:59.886712	\N
00821c92-337c-4aea-8196-126d97638acc	f71f03cb-b7a0-4d75-820c-d7a46369697e	673a26b1-7390-4fd3-824b-3e2ea8fddacc	member	f	5	2026-01-22 17:28:02.153332	\N
a6cd06bc-dde1-46ea-b10e-d340828760a0	868aab20-5bcb-49ad-9419-ac5fa5aebd30	673a26b1-7390-4fd3-824b-3e2ea8fddacc	member	f	5	2026-01-22 17:35:54.957131	\N
ef84d644-14c7-4b73-a380-ce6f1e586f96	47bde709-ca3b-402c-b47b-f608a445eced	673a26b1-7390-4fd3-824b-3e2ea8fddacc	member	f	5	2026-01-22 18:10:55.703069	\N
4c1d0a00-65d9-4413-9e84-6f17073a26e6	8bec2716-c2bc-4e7a-bdf1-e727e210aa8a	673a26b1-7390-4fd3-824b-3e2ea8fddacc	member	f	5	2026-01-22 18:41:29.329803	\N
e194a528-bf29-4367-afcb-4d81aba47de1	9ac9f410-f53b-412a-9263-e26fc68a08ab	673a26b1-7390-4fd3-824b-3e2ea8fddacc	member	f	5	2026-01-22 22:50:32.71821	\N
8364ff5c-ca36-4267-9497-0cde6c921f12	16fd5577-dfa1-4875-9dc3-9570fa41d6a1	673a26b1-7390-4fd3-824b-3e2ea8fddacc	member	f	5	2026-01-26 13:03:09.599227	\N
7dec54ff-4f72-4243-b01d-7c77e480e782	60a7aa8f-b320-4fc1-8dbb-2f22e770e985	673a26b1-7390-4fd3-824b-3e2ea8fddacc	member	f	5	2026-01-26 13:07:38.253222	\N
f80bce6b-ee35-402e-ac78-f84dae632fff	7c6a1e59-ee48-4570-a005-cbb09ccc7bb5	673a26b1-7390-4fd3-824b-3e2ea8fddacc	member	f	5	2026-01-26 13:57:22.818457	\N
57f5430f-6b32-43e5-a5af-b7957063259a	34421d84-5293-4bc2-aef6-62fd61eeb0d2	673a26b1-7390-4fd3-824b-3e2ea8fddacc	member	f	5	2026-01-26 14:08:28.001931	\N
0133b651-85b2-4511-836f-d0214fdee199	6e9d11ce-69eb-4841-997a-9202de0e1a1f	673a26b1-7390-4fd3-824b-3e2ea8fddacc	member	f	5	2026-01-26 14:37:45.069356	\N
b33bc240-874a-4320-9943-500c8fcd66dd	a2ead9b4-c4a6-4483-8fa5-3d374a4f3d41	673a26b1-7390-4fd3-824b-3e2ea8fddacc	member	f	5	2026-01-26 14:51:37.362505	\N
b7fc4806-b5dd-40f2-b3a2-f0d460c42bae	f5cf48d3-54d9-4d94-8fb9-132952633900	673a26b1-7390-4fd3-824b-3e2ea8fddacc	member	f	5	2026-01-26 15:04:07.470831	\N
4e53527a-0355-4586-bf8a-35c066843c03	05bd251d-85f8-40c0-834e-fe627e3a63ad	673a26b1-7390-4fd3-824b-3e2ea8fddacc	member	f	5	2026-01-26 15:45:36.431146	\N
34802c24-fa59-47b1-9234-dcd24c010281	40ea3527-4c0c-4652-868f-f1a24e534a4b	673a26b1-7390-4fd3-824b-3e2ea8fddacc	admin	f	5	2026-01-22 18:26:55.741927	\N
2675bef4-c2fb-4977-a981-030e198b6d1c	fb647db8-10fa-4d7c-a19e-440b084768b4	673a26b1-7390-4fd3-824b-3e2ea8fddacc	member	f	5	2026-01-27 00:54:48.964571	\N
d4c4652a-a027-46be-ad16-dd0d55552d2b	0ce3e02e-5ba1-4117-9169-664cb1b86649	673a26b1-7390-4fd3-824b-3e2ea8fddacc	member	f	5	2026-01-27 11:07:36.308687	\N
139ab20f-94f1-42a2-be70-cfa33748ebfa	d8c54b42-d79d-4d82-aa02-5e60240cab42	673a26b1-7390-4fd3-824b-3e2ea8fddacc	member	f	5	2026-01-27 11:15:59.82468	\N
66341c6c-7eee-4096-a18c-8b36e2b2eac5	da78256e-8580-4ba8-a624-d2d06b8f969f	673a26b1-7390-4fd3-824b-3e2ea8fddacc	member	f	5	2026-01-27 11:54:55.209122	\N
530ac387-2836-4e12-b78b-770a1cccf6f5	5ce0a256-dc51-4c20-8d54-ea8e0171376c	673a26b1-7390-4fd3-824b-3e2ea8fddacc	member	f	5	2026-01-27 19:45:05.123563	\N
eb69b6c4-21dc-4d82-811c-6967056560dd	33333333-3333-3333-3333-333333333333	673a26b1-7390-4fd3-824b-3e2ea8fddacc	member	f	5	2026-01-27 22:56:16.354078	\N
267def20-af92-4c6a-afeb-02dafea4bcf4	cbe1706f-2284-4dc2-9f5f-37038b72c11a	673a26b1-7390-4fd3-824b-3e2ea8fddacc	member	f	5	2026-01-29 12:37:34.099535	\N
\.


--
-- TOC entry 3609 (class 0 OID 65747)
-- Dependencies: 253
-- Data for Name: invites; Type: TABLE DATA; Schema: public; Owner: -
--

COPY public.invites (id, group_id, code, created_by, expires_at, max_uses, used_count, created_at, deleted_at) FROM stdin;
70155f82-d675-4959-bb3c-913ec7d13abd	aaaabbbb-cccc-dddd-eeee-111111111111	PARQUE2024	11111111-1111-1111-1111-111111111111	\N	\N	10	2025-10-28 13:47:43.493218	\N
33b2b5a0-59d4-4260-9c2f-44703ea70912	9f5a92a6-6cc4-4c9b-87c2-dc943f458359	E38CJTBN	33333333-3333-3333-3333-333333333333	\N	\N	0	2025-10-30 18:02:53.081848	\N
a59787b9-12db-47f5-a038-66fe09e13e67	0106aace-cb71-4389-bd4c-49003a20b717	H48KREUP	4fe52ffd-10eb-4fd8-b3ca-382b242a64ea	\N	\N	0	2025-12-08 18:07:24.862153	\N
03896bad-c45c-45a7-98d0-8c7bff3f6653	0106aace-cb71-4389-bd4c-49003a20b717	8HSPRUD9	4fe52ffd-10eb-4fd8-b3ca-382b242a64ea	2030-10-15 23:00:00	\N	0	2025-12-08 18:08:26.431386	\N
40166359-78fd-4f05-85e3-b1761e4b044d	ae0cd047-a04d-4f7b-a910-5461e0a2bd32	ODN2A3O1	37894bdc-ef87-4199-abc9-57fd3b14c574	\N	\N	0	2025-12-17 14:03:38.817338	\N
0ad210f3-1e3a-40cf-8219-29fb5dd9638b	0e492f02-8eff-4907-85ef-68d71e9d2038	XICRN8HC	645ac7d8-5371-4287-b1c6-cbad405db643	\N	\N	0	2025-12-17 14:09:38.082319	\N
0b3538eb-e884-47c4-b18f-2093f9402813	aaaabbbb-cccc-dddd-eeee-222222222222	S9M6UB9G	33333333-3333-3333-3333-333333333333	\N	\N	0	2026-01-12 18:20:03.328364	\N
3200e58e-504b-465a-9e46-2ef33f017997	673a26b1-7390-4fd3-824b-3e2ea8fddacc	M6V4PLM5	79efc563-10ae-4693-80b4-ee485c76afb0	2026-07-21 23:38:00	\N	0	2026-01-21 23:38:54.047545	\N
ab9489d1-6e2e-4d36-8f45-9a487a88dad5	673a26b1-7390-4fd3-824b-3e2ea8fddacc	PAGPN3U1	79efc563-10ae-4693-80b4-ee485c76afb0	\N	\N	25	2026-01-21 23:38:22.545393	\N
\.


--
-- TOC entry 3616 (class 0 OID 270336)
-- Dependencies: 262
-- Data for Name: mvp_tiebreakers; Type: TABLE DATA; Schema: public; Owner: -
--

COPY public.mvp_tiebreakers (id, event_id, round, status, tied_user_ids, winner_user_id, decided_by, created_at, completed_at) FROM stdin;
\.


--
-- TOC entry 3617 (class 0 OID 270365)
-- Dependencies: 263
-- Data for Name: mvp_tiebreaker_votes; Type: TABLE DATA; Schema: public; Owner: -
--

COPY public.mvp_tiebreaker_votes (id, tiebreaker_id, voter_user_id, voted_user_id, created_at) FROM stdin;
\.


--
-- TOC entry 3608 (class 0 OID 65720)
-- Dependencies: 252
-- Data for Name: player_ratings; Type: TABLE DATA; Schema: public; Owner: -
--

COPY public.player_ratings (id, event_id, rater_user_id, rated_user_id, score, tags, created_at) FROM stdin;
e182de56-f27d-46fe-bfad-c213d368d144	e1111111-1111-1111-1111-111111111111	11111111-1111-1111-1111-111111111111	44444444-4444-4444-4444-444444444444	9	{mvp,artilheiro}	2025-10-28 13:47:43.403347
e6573016-95a4-409a-8560-8f27cdfd35b7	e1111111-1111-1111-1111-111111111111	11111111-1111-1111-1111-111111111111	22222222-2222-2222-2222-222222222222	8	{paredao}	2025-10-28 13:47:43.403347
fdc3145e-86de-4f90-8a5d-54b4d762022e	e1111111-1111-1111-1111-111111111111	22222222-2222-2222-2222-222222222222	44444444-4444-4444-4444-444444444444	9	{mvp}	2025-10-28 13:47:43.403347
7baf353b-ba2d-40ca-9dbe-2ab9191813d4	e1111111-1111-1111-1111-111111111111	22222222-2222-2222-2222-222222222222	77777777-7777-7777-7777-777777777777	8	{garcom}	2025-10-28 13:47:43.403347
95371def-5491-4cd0-b1fc-923908daac16	1e525f5a-d834-4273-98d5-a98884260c62	33333333-3333-3333-3333-333333333333	77777777-7777-7777-7777-777777777777	\N	{mvp}	2025-11-18 01:16:57.359773
608ba704-a606-4b5f-b91f-14f7de1a4327	eeeeee11-1111-1111-1111-111111111111	33333333-3333-3333-3333-333333333333	55555555-5555-5555-5555-555555555555	\N	{mvp}	2025-11-18 10:41:42.846443
a0d6dd6a-e8cd-4a70-b106-23dd539914ee	4cab49e5-b655-461e-860b-f75cc86b8999	33333333-3333-3333-3333-333333333333	11111111-1111-1111-1111-111111111111	\N	{mvp}	2025-11-28 20:24:49.29232
e601a699-6797-4c6b-ba60-b453090f6206	cfa8bd48-764c-4c0c-afd6-64a4b2675bd0	4fe52ffd-10eb-4fd8-b3ca-382b242a64ea	33333333-3333-3333-3333-333333333333	\N	{mvp}	2025-12-08 18:16:54.585628
c3cf02b4-ac83-4122-8563-968271dd9228	cfa8bd48-764c-4c0c-afd6-64a4b2675bd0	33333333-3333-3333-3333-333333333333	4fe52ffd-10eb-4fd8-b3ca-382b242a64ea	\N	{mvp}	2025-12-08 18:17:34.297237
c95d2afe-b3d3-4f7a-ab1f-b1550ae41fa4	732cb4e5-7936-4ccf-95a8-083ac8d3dba3	33333333-3333-3333-3333-333333333333	aaaaaaaa-aaaa-aaaa-aaaa-aaaaaaaaaaaa	\N	{mvp}	2025-12-12 02:13:41.733204
\.


--
-- TOC entry 3606 (class 0 OID 65668)
-- Dependencies: 250
-- Data for Name: team_members; Type: TABLE DATA; Schema: public; Owner: -
--

COPY public.team_members (id, team_id, user_id, "position", starter, created_at) FROM stdin;
9635eac8-cee9-457a-ae87-b302b0b7cdb3	aaaa1111-1111-1111-1111-111111111111	22222222-2222-2222-2222-222222222222	gk	t	2025-10-28 13:47:43.272145
b0e8e86e-6f26-496e-9606-8fd3755fbc14	aaaa1111-1111-1111-1111-111111111111	11111111-1111-1111-1111-111111111111	line	t	2025-10-28 13:47:43.272145
a0c24b2f-6f61-402c-ab8a-1c88cc90f9c5	aaaa1111-1111-1111-1111-111111111111	44444444-4444-4444-4444-444444444444	line	t	2025-10-28 13:47:43.272145
e529977b-f760-4b2b-81bd-88555aa3e47a	aaaa1111-1111-1111-1111-111111111111	55555555-5555-5555-5555-555555555555	line	t	2025-10-28 13:47:43.272145
3fef969e-1020-47e7-964d-5a227c708ee1	aaaa1111-1111-1111-1111-111111111111	77777777-7777-7777-7777-777777777777	line	t	2025-10-28 13:47:43.272145
e0476d44-452e-4f72-b084-276a4a81a5f7	bbbb1111-1111-1111-1111-111111111111	33333333-3333-3333-3333-333333333333	line	t	2025-10-28 13:47:43.272145
24f1b773-bf35-4cdd-9fd7-d6e25f0606a0	bbbb1111-1111-1111-1111-111111111111	66666666-6666-6666-6666-666666666666	line	t	2025-10-28 13:47:43.272145
2dba84b5-1b16-431c-8f05-785354ce5d0e	bbbb1111-1111-1111-1111-111111111111	88888888-8888-8888-8888-888888888888	line	t	2025-10-28 13:47:43.272145
2f9e04e9-7521-4369-8ba7-8e2d6c9459f8	bbbb1111-1111-1111-1111-111111111111	99999999-9999-9999-9999-999999999999	line	t	2025-10-28 13:47:43.272145
46e1a52c-f220-427f-8bf0-a226b40b47a8	bbbb1111-1111-1111-1111-111111111111	aaaaaaaa-aaaa-aaaa-aaaa-aaaaaaaaaaaa	line	t	2025-10-28 13:47:43.272145
25674acb-fa92-4b0e-b05b-2945f6909fc3	c8aaf117-b254-4e7c-b1bb-e3d0c9c9a6f8	11111111-1111-1111-1111-111111111111	gk	t	2025-11-28 20:23:35.740991
7f1bfbae-6a41-41e1-a477-879e03d907de	c8aaf117-b254-4e7c-b1bb-e3d0c9c9a6f8	33333333-3333-3333-3333-333333333333	defender	t	2025-11-28 20:23:35.863898
0ceb91b0-e56b-4c90-aac5-abaca0cd7c70	c8aaf117-b254-4e7c-b1bb-e3d0c9c9a6f8	bbbbbbbb-bbbb-bbbb-bbbb-bbbbbbbbbbbb	midfielder	t	2025-11-28 20:23:35.982678
afad087d-7b8b-4aca-9f3d-c0402f83a279	49103a86-164e-49b5-83a8-d14ac144fc9c	3f7043e5-3379-4f94-8ece-bebc99db71c2	gk	t	2025-11-28 20:23:36.221238
c7fb3c0d-3c38-4e31-8964-dae7ae334713	4bcd785f-caa7-4cce-b911-bf2ae2df8d42	cccccccc-cccc-cccc-cccc-cccccccccccc	gk	t	2025-12-02 00:38:44.56555
4be50894-57a3-465d-9d4b-9c7270106474	4bcd785f-caa7-4cce-b911-bf2ae2df8d42	55555555-5555-5555-5555-555555555555	defender	t	2025-12-02 00:38:44.684474
2210a1d0-3f78-472c-b9c3-f5b24afdfb54	f6f1fc03-362c-455a-846c-3b033bdf7357	aaaaaaaa-aaaa-aaaa-aaaa-aaaaaaaaaaaa	forward	t	2025-12-02 00:38:44.922278
f7a53b38-f6e2-4568-b861-f156db05b2a4	f6f1fc03-362c-455a-846c-3b033bdf7357	33333333-3333-3333-3333-333333333333	midfielder	t	2025-12-02 00:38:45.041442
a3487c17-4add-4cce-98da-4ca138f6fe13	df308ea8-24bf-49ba-8fff-90ff365667c9	4fe52ffd-10eb-4fd8-b3ca-382b242a64ea	midfielder	t	2025-12-08 18:16:12.094361
69e2d61f-6042-4c33-b1ab-9fe5169ddfc2	986d8389-7203-4f0b-b027-45ecbb7998e5	33333333-3333-3333-3333-333333333333	midfielder	t	2025-12-08 18:16:12.335072
e55e9929-147e-42a1-bdc5-b82e9fe6040c	eec05055-7a1e-4d7b-957d-3da0482f2ec8	22222222-2222-2222-2222-222222222222	defender	t	2025-12-09 14:44:20.749811
300d7dbc-44d6-4a25-8f9c-bbd1da174f97	eec05055-7a1e-4d7b-957d-3da0482f2ec8	bbbbbbbb-bbbb-bbbb-bbbb-bbbbbbbbbbbb	defender	t	2025-12-09 14:44:20.87418
bbc647e5-515b-45f9-bbc8-8bd8b9cf35b1	eec05055-7a1e-4d7b-957d-3da0482f2ec8	88888888-8888-8888-8888-888888888888	midfielder	t	2025-12-09 14:44:20.99314
24505806-9b2a-4027-bb1c-8ea6063bf461	eec05055-7a1e-4d7b-957d-3da0482f2ec8	33333333-3333-3333-3333-333333333333	midfielder	t	2025-12-09 14:44:21.113423
cb989704-7682-4524-a9f5-1b1ef3ff5ba9	1d1e80a8-b0c9-4cdb-a269-edceae2c9713	aaaaaaaa-aaaa-aaaa-aaaa-aaaaaaaaaaaa	defender	t	2025-12-09 14:44:21.354995
20d9dcfc-aaad-4e5f-8ecc-f0356529c3df	1d1e80a8-b0c9-4cdb-a269-edceae2c9713	d913c0fa-fec7-49a1-ba7b-21602fdf43ee	defender	t	2025-12-09 14:44:21.474055
8b01af70-508b-45cb-a5be-70458e9581ae	1d1e80a8-b0c9-4cdb-a269-edceae2c9713	cccccccc-cccc-cccc-cccc-cccccccccccc	midfielder	t	2025-12-09 14:44:21.59379
2c5773ed-d4e7-4e8b-b7b1-f72d966144ad	1472fe8d-834c-4f93-87ab-0f5a8f183cf7	4fe52ffd-10eb-4fd8-b3ca-382b242a64ea	gk	t	2026-01-13 14:32:16.271308
62924173-12de-4885-a6f0-e734a3dedd4a	1472fe8d-834c-4f93-87ab-0f5a8f183cf7	99999999-9999-9999-9999-999999999999	defender	t	2026-01-13 14:32:16.392883
b2260f49-cb1c-464b-8402-9030637c0351	1472fe8d-834c-4f93-87ab-0f5a8f183cf7	11111111-1111-1111-1111-111111111111	defender	t	2026-01-13 14:32:16.511815
0a6ffa72-b5e4-4627-9e33-46e2f4f783c9	1472fe8d-834c-4f93-87ab-0f5a8f183cf7	44444444-4444-4444-4444-444444444444	midfielder	t	2026-01-13 14:32:16.62956
7fde6b9f-485a-466e-bfa0-ead4090ec97d	1472fe8d-834c-4f93-87ab-0f5a8f183cf7	77777777-7777-7777-7777-777777777777	midfielder	t	2026-01-13 14:32:16.748612
28677b7f-9cce-47f8-b932-ff080d35df44	1472fe8d-834c-4f93-87ab-0f5a8f183cf7	cccccccc-cccc-cccc-cccc-cccccccccccc	forward	t	2026-01-13 14:32:16.86683
9c5314ec-99d9-4f2b-8220-f78427eef38a	1472fe8d-834c-4f93-87ab-0f5a8f183cf7	66666666-6666-6666-6666-666666666666	forward	t	2026-01-13 14:32:16.985972
0209313f-4cf4-40a0-93e9-e9effa6b7ed9	1472fe8d-834c-4f93-87ab-0f5a8f183cf7	33333333-3333-3333-3333-333333333333	defender	f	2026-01-13 14:32:17.104322
49608530-d4c0-4c80-bd05-b7cf3fa27700	460a05f7-39b1-4a72-af3e-2fd30d0a03a4	d913c0fa-fec7-49a1-ba7b-21602fdf43ee	gk	t	2026-01-13 14:32:17.341722
d3573104-c0f4-4008-801b-6faf9a78bf56	460a05f7-39b1-4a72-af3e-2fd30d0a03a4	22222222-2222-2222-2222-222222222222	defender	t	2026-01-13 14:32:17.460638
898dc5eb-ec5e-4829-a2b3-3ef6f9cbea7d	460a05f7-39b1-4a72-af3e-2fd30d0a03a4	bbbbbbbb-bbbb-bbbb-bbbb-bbbbbbbbbbbb	defender	t	2026-01-13 14:32:17.579229
b1703c00-9feb-4889-8031-ef46cc73a825	460a05f7-39b1-4a72-af3e-2fd30d0a03a4	aaaaaaaa-aaaa-aaaa-aaaa-aaaaaaaaaaaa	midfielder	t	2026-01-13 14:32:17.697916
4bc1f20f-1d21-4c88-b637-233c107e3c8a	460a05f7-39b1-4a72-af3e-2fd30d0a03a4	55555555-5555-5555-5555-555555555555	midfielder	t	2026-01-13 14:32:17.817073
dc4a3c3f-e547-409a-b4a7-03c978a82302	460a05f7-39b1-4a72-af3e-2fd30d0a03a4	88888888-8888-8888-8888-888888888888	forward	t	2026-01-13 14:32:17.936404
6e1ce0b3-48cb-40fb-ac16-823c797fa70d	460a05f7-39b1-4a72-af3e-2fd30d0a03a4	3f7043e5-3379-4f94-8ece-bebc99db71c2	forward	t	2026-01-13 14:32:18.05483
26bbd671-3912-4f66-8e08-b2c3e409114a	90e14ca4-85c5-4e90-befd-82055a7dfc99	33333333-3333-3333-3333-333333333333	gk	t	2025-11-01 20:31:53.167302
ca660363-ab84-4762-bc5d-b68336bcbecb	90e14ca4-85c5-4e90-befd-82055a7dfc99	55555555-5555-5555-5555-555555555555	defender	t	2025-11-01 20:31:53.212239
1be25306-2760-4b82-95e9-34cfad97d2b6	90e14ca4-85c5-4e90-befd-82055a7dfc99	88888888-8888-8888-8888-888888888888	defender	t	2025-11-01 20:31:53.253477
943e6d55-e761-44d2-9807-20d653096307	90e14ca4-85c5-4e90-befd-82055a7dfc99	99999999-9999-9999-9999-999999999999	midfielder	t	2025-11-01 20:31:53.295003
c6e15926-23c4-4b1a-a8b9-022fb684f030	90e14ca4-85c5-4e90-befd-82055a7dfc99	66666666-6666-6666-6666-666666666666	forward	t	2025-11-01 20:31:53.334165
6c700b5c-745e-4edd-8f9a-157f88e5b843	a288a90c-a7d1-47a9-8183-9abf56ff4745	11111111-1111-1111-1111-111111111111	defender	t	2025-11-01 20:31:53.417037
2c295741-6710-480c-ba2c-3ce37d6cdce9	a288a90c-a7d1-47a9-8183-9abf56ff4745	77777777-7777-7777-7777-777777777777	defender	t	2025-11-01 20:31:53.459103
638a4fb3-45de-4ffd-942a-507a7034bdb6	a288a90c-a7d1-47a9-8183-9abf56ff4745	22222222-2222-2222-2222-222222222222	midfielder	t	2025-11-01 20:31:53.500734
7bd03d9b-678d-4780-a829-a850584ffe30	a288a90c-a7d1-47a9-8183-9abf56ff4745	44444444-4444-4444-4444-444444444444	forward	t	2025-11-01 20:31:53.540954
0e3f9a60-b228-4425-b7c4-5c3938dfe93f	a288a90c-a7d1-47a9-8183-9abf56ff4745	cccccccc-cccc-cccc-cccc-cccccccccccc	defender	t	2025-11-01 20:31:53.582431
f8c838d3-0949-4d1c-99fb-be9b20d769ea	168d26e4-d32d-4607-9dc8-da8fc4b5e79a	79efc563-10ae-4693-80b4-ee485c76afb0	midfielder	t	2026-01-28 16:30:13.617369
bb3da7f4-f4f0-479f-a8dc-560dc9cdddaf	168d26e4-d32d-4607-9dc8-da8fc4b5e79a	3d3b3929-2627-4712-88db-cb5a8490d2e7	forward	t	2026-01-28 16:30:13.737138
1eac079d-cac4-4bf6-ab55-41a80cefe2e5	168d26e4-d32d-4607-9dc8-da8fc4b5e79a	f71f03cb-b7a0-4d75-820c-d7a46369697e	defender	t	2026-01-28 16:30:13.856913
ac202fc5-cc45-4890-80e2-347c1170dbc4	168d26e4-d32d-4607-9dc8-da8fc4b5e79a	8bec2716-c2bc-4e7a-bdf1-e727e210aa8a	defender	t	2026-01-28 16:30:13.976957
ee8f667c-b667-48aa-885b-9704a6ff1088	168d26e4-d32d-4607-9dc8-da8fc4b5e79a	16fd5577-dfa1-4875-9dc3-9570fa41d6a1	midfielder	t	2026-01-28 16:30:14.097303
aeba4583-f2e7-46a8-91e3-c1ac86644b49	168d26e4-d32d-4607-9dc8-da8fc4b5e79a	7c6a1e59-ee48-4570-a005-cbb09ccc7bb5	defender	t	2026-01-28 16:30:14.21732
c0056424-4c48-4a78-a3b4-e71e1fafae74	168d26e4-d32d-4607-9dc8-da8fc4b5e79a	f5cf48d3-54d9-4d94-8fb9-132952633900	midfielder	t	2026-01-28 16:30:14.337725
fb2314fb-2226-4506-8b6c-5966aba1edd1	168d26e4-d32d-4607-9dc8-da8fc4b5e79a	fb647db8-10fa-4d7c-a19e-440b084768b4	midfielder	f	2026-01-28 16:30:14.4574
30dd6d23-f065-4977-a7a3-81bde2f00c42	168d26e4-d32d-4607-9dc8-da8fc4b5e79a	5ce0a256-dc51-4c20-8d54-ea8e0171376c	gk	f	2026-01-28 16:30:14.57754
3b781e9e-f6b5-4e8d-a360-287346a73e56	6a70edec-6475-4acf-8b3d-e69d8762e824	e133eacc-09e1-4d95-8c9e-e5d555ae11d2	forward	t	2026-01-28 16:30:14.817235
e8517d91-326d-4a6d-8ba1-2303aa646ce2	6a70edec-6475-4acf-8b3d-e69d8762e824	908b7128-79d7-4f8d-a4a8-4753ffb31ddd	midfielder	t	2026-01-28 16:30:14.938504
5c19cec0-8b2d-4e5a-846e-b873f844f6cf	6a70edec-6475-4acf-8b3d-e69d8762e824	47bde709-ca3b-402c-b47b-f608a445eced	defender	t	2026-01-28 16:30:15.058174
377fae28-b583-46ea-8dc8-ea8c2a5c5310	6a70edec-6475-4acf-8b3d-e69d8762e824	9ac9f410-f53b-412a-9263-e26fc68a08ab	midfielder	t	2026-01-28 16:30:15.178596
c957db4a-5430-41e6-8317-0b2ba6fa50ec	6a70edec-6475-4acf-8b3d-e69d8762e824	60a7aa8f-b320-4fc1-8dbb-2f22e770e985	defender	t	2026-01-28 16:30:15.298866
150f0b8b-cf8c-48fd-a671-beacc2c530f0	6a70edec-6475-4acf-8b3d-e69d8762e824	34421d84-5293-4bc2-aef6-62fd61eeb0d2	defender	t	2026-01-28 16:30:15.41843
84eae3e9-03b7-4c61-b5b1-c78bde3d7a45	6a70edec-6475-4acf-8b3d-e69d8762e824	40ea3527-4c0c-4652-868f-f1a24e534a4b	forward	t	2026-01-28 16:30:15.53794
40a36294-7663-4539-9c92-c6249488e530	6a70edec-6475-4acf-8b3d-e69d8762e824	0ce3e02e-5ba1-4117-9169-664cb1b86649	midfielder	f	2026-01-28 16:30:15.659789
3a3d0e46-31e8-451c-adf7-72095fe6cc4e	6a70edec-6475-4acf-8b3d-e69d8762e824	33333333-3333-3333-3333-333333333333	gk	f	2026-01-28 16:30:15.779367
97bce167-88c1-4af4-95ab-de0d122874d8	5b7389ce-0b64-49eb-9164-ed312eba3514	33333333-3333-3333-3333-333333333333	gk	t	2025-11-02 14:34:10.03185
dc2822a0-a87c-4bc5-8d44-84c62de669d8	5b7389ce-0b64-49eb-9164-ed312eba3514	4fe52ffd-10eb-4fd8-b3ca-382b242a64ea	defender	t	2025-11-02 14:34:10.073149
989801f3-70a0-4fc8-884a-1ef747b2d97b	5b7389ce-0b64-49eb-9164-ed312eba3514	99999999-9999-9999-9999-999999999999	midfielder	t	2025-11-02 14:34:10.117992
6cca2aa0-ad16-48af-a8a1-c1142b879416	5b7389ce-0b64-49eb-9164-ed312eba3514	22222222-2222-2222-2222-222222222222	midfielder	t	2025-11-02 14:34:10.157706
f6ccb9ac-b856-4b5f-8a72-1f05beb4dae9	5b7389ce-0b64-49eb-9164-ed312eba3514	bbbbbbbb-bbbb-bbbb-bbbb-bbbbbbbbbbbb	forward	t	2025-11-02 14:34:10.202125
47da74cb-ba9f-4f5f-aea5-5ca5f5a490c6	5b7389ce-0b64-49eb-9164-ed312eba3514	77777777-7777-7777-7777-777777777777	forward	t	2025-11-02 14:34:10.240139
eb8ab5be-169d-4a1f-9a17-25a5bf137983	5b7389ce-0b64-49eb-9164-ed312eba3514	66666666-6666-6666-6666-666666666666	defender	t	2025-11-02 14:34:10.285148
65af7300-d05c-4981-a88a-e83d9db1ddf9	ccb1f71a-3ef9-4a29-9333-f866fc81db94	88888888-8888-8888-8888-888888888888	gk	t	2025-11-02 14:34:10.363811
4b68aefd-28cd-4cd9-b521-40516252117b	ccb1f71a-3ef9-4a29-9333-f866fc81db94	d913c0fa-fec7-49a1-ba7b-21602fdf43ee	defender	t	2025-11-02 14:34:10.402257
ca475dd3-0de0-4ba2-a1b0-e2ba442c2012	ccb1f71a-3ef9-4a29-9333-f866fc81db94	44444444-4444-4444-4444-444444444444	midfielder	t	2025-11-02 14:34:10.446545
93ad7908-d9c2-451c-be16-301eaedae3b1	ccb1f71a-3ef9-4a29-9333-f866fc81db94	11111111-1111-1111-1111-111111111111	midfielder	t	2025-11-02 14:34:10.485502
4ba4c6a8-b570-4bc9-a5e6-a5633a22b857	ccb1f71a-3ef9-4a29-9333-f866fc81db94	55555555-5555-5555-5555-555555555555	forward	t	2025-11-02 14:34:10.529046
07efd567-38bc-4ea2-b335-0c7b1cde0915	ccb1f71a-3ef9-4a29-9333-f866fc81db94	aaaaaaaa-aaaa-aaaa-aaaa-aaaaaaaaaaaa	forward	t	2025-11-02 14:34:10.567603
a1112398-514b-4b8f-ad7b-f07df0bd82da	ccb1f71a-3ef9-4a29-9333-f866fc81db94	cccccccc-cccc-cccc-cccc-cccccccccccc	defender	t	2025-11-02 14:34:10.612942
6ac8ade0-0caf-41d2-b36c-24f8d401ec1a	56332735-94e1-43e5-93ce-f63ca760f6b0	34421d84-5293-4bc2-aef6-62fd61eeb0d2	defender	t	2026-01-29 12:59:36.323165
c66f2275-3436-4ab0-956f-68443b553d84	56332735-94e1-43e5-93ce-f63ca760f6b0	8bec2716-c2bc-4e7a-bdf1-e727e210aa8a	defender	t	2026-01-29 12:59:36.444461
03d5d9a1-c762-42d8-8932-65ae504699b0	56332735-94e1-43e5-93ce-f63ca760f6b0	908b7128-79d7-4f8d-a4a8-4753ffb31ddd	midfielder	t	2026-01-29 12:59:36.561158
9aea2f3c-9734-460e-87d4-dd38d211e3aa	56332735-94e1-43e5-93ce-f63ca760f6b0	a2ead9b4-c4a6-4483-8fa5-3d374a4f3d41	midfielder	t	2026-01-29 12:59:36.678268
28f779e5-3b69-4e2a-81b2-c8fe7cb76012	56332735-94e1-43e5-93ce-f63ca760f6b0	cbe1706f-2284-4dc2-9f5f-37038b72c11a	midfielder	t	2026-01-29 12:59:36.794139
c453e84d-51c4-406d-b86c-aeeac7f436c4	56332735-94e1-43e5-93ce-f63ca760f6b0	fb647db8-10fa-4d7c-a19e-440b084768b4	forward	t	2026-01-29 12:59:36.911691
d792b947-b8a5-46bc-9c4b-ea2950a64378	56332735-94e1-43e5-93ce-f63ca760f6b0	16fd5577-dfa1-4875-9dc3-9570fa41d6a1	defender	t	2026-01-29 12:59:37.027427
4b7e8907-0d1a-4146-bf59-9753de818411	56332735-94e1-43e5-93ce-f63ca760f6b0	3d3b3929-2627-4712-88db-cb5a8490d2e7	midfielder	t	2026-01-29 12:59:37.145264
333efb3c-97a2-4960-a109-36dd54caf704	21cd101f-e41b-47b8-a948-5cc172f132af	47bde709-ca3b-402c-b47b-f608a445eced	defender	t	2026-01-29 12:59:37.378608
0ce0009c-a0e9-4b3a-99c5-1b4918ceb033	21cd101f-e41b-47b8-a948-5cc172f132af	60a7aa8f-b320-4fc1-8dbb-2f22e770e985	defender	t	2026-01-29 12:59:37.495126
180b103c-ebe0-4c66-a45d-0173aa32b821	21cd101f-e41b-47b8-a948-5cc172f132af	f71f03cb-b7a0-4d75-820c-d7a46369697e	defender	t	2026-01-29 12:59:37.612494
320c0d39-a13c-4650-b06c-ee6918616d6b	21cd101f-e41b-47b8-a948-5cc172f132af	9ac9f410-f53b-412a-9263-e26fc68a08ab	midfielder	t	2026-01-29 12:59:37.728086
3ed8dba9-10d8-4ee3-b51c-ee43291f1e80	21cd101f-e41b-47b8-a948-5cc172f132af	7c6a1e59-ee48-4570-a005-cbb09ccc7bb5	defender	t	2026-01-29 12:59:37.845275
fd35803c-71c2-4262-b52b-c97ebc1ab39c	21cd101f-e41b-47b8-a948-5cc172f132af	79efc563-10ae-4693-80b4-ee485c76afb0	midfielder	t	2026-01-29 12:59:37.96141
3bd22333-0c1d-46bc-9043-e416da21dd89	21cd101f-e41b-47b8-a948-5cc172f132af	40ea3527-4c0c-4652-868f-f1a24e534a4b	forward	t	2026-01-29 12:59:38.078318
50ea9198-68b7-43cf-b8b3-f3425fe3ce31	21cd101f-e41b-47b8-a948-5cc172f132af	e133eacc-09e1-4d95-8c9e-e5d555ae11d2	forward	t	2026-01-29 12:59:38.194045
\.


--
-- TOC entry 3610 (class 0 OID 65767)
-- Dependencies: 254
-- Data for Name: wallets; Type: TABLE DATA; Schema: public; Owner: -
--

COPY public.wallets (id, owner_type, owner_id, balance_cents, created_at, updated_at) FROM stdin;
8f4dd62f-d29c-499c-9c6b-abb429a24b9b	group	aaaabbbb-cccc-dddd-eeee-111111111111	25000	2025-10-28 13:47:43.448238	2025-10-28 13:47:43.448238
0cba0d23-32f3-42af-8fce-b78c4dadd843	group	aaaabbbb-cccc-dddd-eeee-222222222222	18000	2025-10-28 13:47:43.448238	2025-10-28 13:47:43.448238
8912acb5-77fc-4dd8-b784-f122e9bece61	group	9f5a92a6-6cc4-4c9b-87c2-dc943f458359	0	2025-10-30 18:02:52.959014	2025-10-30 18:02:52.959014
1242ed22-ae8f-4c99-b452-d32c4f13b702	user	3f7043e5-3379-4f94-8ece-bebc99db71c2	0	2025-11-02 14:40:14.253971	2025-11-02 14:40:14.253971
45d4b38a-a02f-4e77-9828-c8bb211eca39	group	0106aace-cb71-4389-bd4c-49003a20b717	0	2025-12-08 18:07:24.735929	2025-12-08 18:07:24.735929
89d6b539-0695-43dd-a87d-ad4f7d7336b7	group	ae0cd047-a04d-4f7b-a910-5461e0a2bd32	0	2025-12-17 14:03:38.685735	2025-12-17 14:03:38.685735
bff0e459-9c8c-43c6-bd40-98b4636ace0f	group	0e492f02-8eff-4907-85ef-68d71e9d2038	0	2025-12-17 14:09:37.962975	2025-12-17 14:09:37.962975
ca780ea8-e91d-4369-a692-52cb229718f9	group	673a26b1-7390-4fd3-824b-3e2ea8fddacc	0	2026-01-21 23:38:22.424872	2026-01-21 23:38:22.424872
0130b815-43f0-4919-b9c0-336c853cd569	user	05c0aeff-3b21-4fe8-a652-72cfbacafbe7	0	2026-01-21 23:44:21.777647	2026-01-21 23:44:21.777647
2849f9a1-5ab6-4ed8-b282-4e1e4c1466d4	user	e133eacc-09e1-4d95-8c9e-e5d555ae11d2	0	2026-01-22 16:40:39.631904	2026-01-22 16:40:39.631904
aab6dab5-9101-4109-a4bb-b4ee8a972024	user	3d3b3929-2627-4712-88db-cb5a8490d2e7	0	2026-01-22 16:46:44.409796	2026-01-22 16:46:44.409796
0c645b53-0403-4d4b-b57f-6ebb83fbf4c2	user	908b7128-79d7-4f8d-a4a8-4753ffb31ddd	0	2026-01-22 16:54:00.237525	2026-01-22 16:54:00.237525
41cbf50c-6e88-4188-bb0a-ae688a721fa7	user	f71f03cb-b7a0-4d75-820c-d7a46369697e	0	2026-01-22 17:28:02.517517	2026-01-22 17:28:02.517517
6893cc57-c40e-4520-80b0-053240750d66	user	868aab20-5bcb-49ad-9419-ac5fa5aebd30	0	2026-01-22 17:35:55.315006	2026-01-22 17:35:55.315006
a7b64835-5c69-48cc-9147-ba4b6cb3eada	user	47bde709-ca3b-402c-b47b-f608a445eced	0	2026-01-22 18:10:56.056989	2026-01-22 18:10:56.056989
ccefaac4-0e19-4ae2-b4f6-af641ffde3d4	user	40ea3527-4c0c-4652-868f-f1a24e534a4b	0	2026-01-22 18:26:56.102336	2026-01-22 18:26:56.102336
674c7a3c-6a11-42fd-87de-6b09189ad626	user	8bec2716-c2bc-4e7a-bdf1-e727e210aa8a	0	2026-01-22 18:41:29.698274	2026-01-22 18:41:29.698274
1f7f00aa-a1c8-46a6-9014-e194b37598a2	user	9ac9f410-f53b-412a-9263-e26fc68a08ab	0	2026-01-22 22:50:33.082045	2026-01-22 22:50:33.082045
dfb8c0ae-4a61-4896-9af3-10de82a33b97	user	16fd5577-dfa1-4875-9dc3-9570fa41d6a1	0	2026-01-26 13:03:09.964917	2026-01-26 13:03:09.964917
e721355f-381e-4a11-a281-e6d4b94d463a	user	60a7aa8f-b320-4fc1-8dbb-2f22e770e985	0	2026-01-26 13:07:38.610739	2026-01-26 13:07:38.610739
ad0526a9-e39a-41bd-9a39-ec7d2fa7a80c	user	7c6a1e59-ee48-4570-a005-cbb09ccc7bb5	0	2026-01-26 13:57:23.169458	2026-01-26 13:57:23.169458
683b4c32-ea28-4e94-8bec-ba335a3e3f1f	user	34421d84-5293-4bc2-aef6-62fd61eeb0d2	0	2026-01-26 14:08:28.359401	2026-01-26 14:08:28.359401
1f6c39a6-c8ff-4ad4-b837-3b94d016ee12	user	6e9d11ce-69eb-4841-997a-9202de0e1a1f	0	2026-01-26 14:37:45.423634	2026-01-26 14:37:45.423634
23204b0d-c613-49cb-90f6-e32c546f535e	user	a2ead9b4-c4a6-4483-8fa5-3d374a4f3d41	0	2026-01-26 14:51:37.718445	2026-01-26 14:51:37.718445
228aa04e-5ce3-4920-bed5-456ead3aae91	user	f5cf48d3-54d9-4d94-8fb9-132952633900	0	2026-01-26 15:04:07.831697	2026-01-26 15:04:07.831697
3d1904d4-6758-4ea8-847b-d1ad448d2afe	user	05bd251d-85f8-40c0-834e-fe627e3a63ad	0	2026-01-26 15:45:36.784373	2026-01-26 15:45:36.784373
607d8a09-6e37-469f-908c-9e94299da0e1	user	fb647db8-10fa-4d7c-a19e-440b084768b4	0	2026-01-27 00:54:49.332884	2026-01-27 00:54:49.332884
7a5db5aa-86c1-48f9-9e0c-c1bef448cc98	user	0ce3e02e-5ba1-4117-9169-664cb1b86649	0	2026-01-27 11:07:36.665441	2026-01-27 11:07:36.665441
4f5dac62-6cc2-4e32-a91f-2d28a2e07868	user	d8c54b42-d79d-4d82-aa02-5e60240cab42	0	2026-01-27 11:16:00.179857	2026-01-27 11:16:00.179857
c66833fa-04a9-472d-bdc3-404f2eb8d449	user	da78256e-8580-4ba8-a624-d2d06b8f969f	0	2026-01-27 11:54:55.574119	2026-01-27 11:54:55.574119
333bdfa6-ee3b-4a73-b6f5-f8b638e3a92a	user	5ce0a256-dc51-4c20-8d54-ea8e0171376c	0	2026-01-27 19:45:05.482764	2026-01-27 19:45:05.482764
d5c41db7-b901-468d-976e-993d34f7d724	user	33333333-3333-3333-3333-333333333333	0	2026-01-27 22:56:16.709946	2026-01-27 22:56:16.709946
006d8e28-c4a5-4686-99e8-2dd89226af4d	user	cbe1706f-2284-4dc2-9f5f-37038b72c11a	0	2026-01-29 12:37:34.464784	2026-01-29 12:37:34.464784
\.


--
-- TOC entry 3612 (class 0 OID 65798)
-- Dependencies: 256
-- Data for Name: transactions; Type: TABLE DATA; Schema: public; Owner: -
--

COPY public.transactions (id, wallet_id, charge_id, type, amount_cents, method, notes, created_by, created_at) FROM stdin;
\.


-- Completed on 2026-01-29 16:41:17

--
-- PostgreSQL database dump complete
--

\unrestrict bIIG8P7S2jEyuy2LaoX8bv3RrbgXTl58HWer8TSVXYqltCsTg9RcsvzIjKfhCMn

